Symbol,EMA_21,EMA_50,ADX,RSI
GODREJAGRO,562.01,561.97,23.27,69.13
AVANTIFEED,142.32,139.09,24.54,69.46
SUNDROP,480.51,479.5,20.71,58.1
GOKULAGRO,18.11,18.03,33.66,68.62
PATANJALI,523.61,381.32,79.65,64.7
MARICO,224.27,224.12,23.26,55.91
AWL,486.31,486.19,38.89,63.92
SANSTAR,93.75,93.31,23.69,63.14
AVTNPL,34.27,34.21,24.71,60.38
GAEL,10.35,10.32,20.24,67.38
CLSEL,120.73,117.87,25.86,64.46
GRMOVER,380.87,357.55,29.83,68.98
KRBL,188.1,181.06,36.43,66.94
LTFOODS,22.62,22.55,30.55,63.07
KSCL,688.44,584.38,48.31,65.8
BSHSL,125.29,124.47,55.89,69.01
TRIVENI,32.21,32.17,28.07,64.15
BANARISUG,708.76,597.77,55.92,63.45
DALMIASUG,82.89,77.46,32.16,62.95
UTTAMSUGAR,28.19,28.11,24.91,60.61
BALRAMCHIN,66.19,65.74,44.15,61.09
DCMSRIND,82.58,82.27,25.9,63.58
MAGADSUGAR,224.24,198.55,35.93,69.03
AVADHSUGAR,657.64,657.53,21.55,51.5
DHAMPURSUG,63.14,62.95,43.44,60.35
DCMSHRIRAM,122.36,118.87,43.41,62.86
CCL,186.45,186.11,30.14,66.41
VINCOFE,102.27,101.7,28.3,68.1
MADRASFERT,13.22,12.94,23.4,62.92
PARADEEP,60.25,56.28,45.96,66.84
GSFC,72.46,72.27,21.4,69.63
EIDPARRY,162.97,153.98,56.87,68.22
NFL,29.72,29.05,20.86,65.19
KRISHANA,17.23,17.2,22.83,56.2
COROMANDEL,183.69,178.9,30.12,67.69
FACT,22.94,22.92,37.3,61.16
RCF,41.12,40.99,30.07,67.53
CHAMBLFERT,62.2,61.25,20.68,64.38
MBAPL,16.37,16.33,22.45,65.88
SPIC,21.31,21.02,23.57,69.66
MANGCHEFER,43.95,43.92,25.94,66.23
ASTEC,240.86,239.9,37.78,65.59
DHANUKA,483.29,477.86,21.0,60.27
SUMICHEM,281.66,281.6,26.06,57.9
PUNJABCHEM,154.58,147.49,43.8,65.22
BHARATRAS,1161.74,1119.38,32.7,56.56
NACLIND,56.79,56.59,28.36,68.97
IPL,313.28,260.12,59.64,68.7
INSECTICID,333.12,272.1,51.52,69.63
UPL,276.59,276.28,21.57,61.04
SHARDACROP,234.71,230.88,20.35,68.71
BAYERCROP,3832.08,3147.05,54.57,66.65
RALLIS,167.89,167.5,29.13,68.83
BHAGCHEM,91.9,91.08,20.1,63.9
PIIND,651.47,553.45,57.5,63.77
MOL,114.31,112.81,24.82,69.19
HERANBA,523.72,345.35,50.38,69.35
ATHERENERG,311.74,294.67,23.53,51.02
BAJAJ-AUTO,2388.57,1835.44,57.72,65.51
TVSMOTOR,294.87,293.77,21.29,67.9
HEROMOTOCO,2418.65,2414.21,22.64,66.26
EICHERMOT,1746.37,1713.13,20.61,64.89
TALBROAUTO,22.44,22.23,42.24,69.16
JBMA,29.63,29.48,20.39,63.86
HYUNDAI,1590.43,1241.67,53.85,69.64
MARUTI,4221.08,3941.83,36.58,56.23
FORCEMOT,879.27,878.64,24.01,62.02
TATAMOTORS,356.58,355.69,25.9,68.84
M&M,655.45,641.71,26.1,63.29
SANGHVIMOV,177.21,176.99,23.05,61.03
ACE,38.71,38.65,34.32,56.95
OLECTRA,22.42,20.86,33.09,52.9
SMLISUZU,1259.86,1213.06,35.52,67.11
ASHOKLEY,97.66,92.94,29.45,66.55
ATULAUTO,422.79,350.13,52.09,67.45
RACLGEAR,807.93,649.55,62.03,67.79
CARRARO,380.75,380.6,37.02,69.88
SHRIPISTON,1051.98,795.33,71.88,63.79
ALICON,308.63,297.85,27.0,68.5
ROLEXRINGS,993.92,908.82,46.36,68.98
JTEKTINDIA,48.05,48.03,24.58,60.12
STERTOOLS,79.43,76.24,37.31,66.19
RICOAUTO,35.93,35.88,25.52,60.37
SUNCLAY,1389.94,968.32,64.96,69.39
RML,310.83,307.99,21.74,67.31
SONACOMS,527.75,526.4,38.0,68.64
SCHAEFFLER,894.76,779.96,57.35,63.84
RANEHOLDIN,571.31,564.16,20.89,56.93
PRECAM,144.42,143.72,24.77,65.38
HITECHGEAR,265.29,234.52,49.09,69.21
SHANTIGEAR,88.24,87.72,30.51,63.79
CIEINDIA,195.76,195.59,22.22,54.21
NDRAUTO,53.3,51.81,42.9,63.96
BANCOINDIA,62.33,59.41,41.6,69.72
SUNDRMFAST,162.82,162.77,30.56,53.97
HAPPYFORGE,1007.63,990.35,23.33,59.7
DIVGIITTS,747.06,745.46,24.87,67.58
FMGOETZE,319.96,319.9,21.12,64.74
SUPRAJIT,135.38,135.36,23.67,62.08
ENDURANCE,552.21,495.43,51.42,67.47
EXIDEIND,135.55,135.22,28.23,67.82
UNOMINDA,29.02,28.91,55.4,67.49
ASKAUTOLTD,327.94,316.42,24.03,69.59
INDNIPPON,196.9,196.81,37.74,66.66
ARE&M,824.2,760.28,47.35,69.47
TVSHLTD,1068.21,1038.04,34.49,67.98
PRICOLLTD,87.51,87.42,33.28,66.55
MSUMI,61.09,61.03,34.66,58.38
BOSCHLTD,23564.06,17175.91,70.12,69.5
SANDHAR,274.99,274.1,20.45,62.49
MINDACORP,88.18,88.15,33.14,62.55
CRAFTSMAN,1186.17,921.07,52.58,66.85
SHARDAMOTR,89.85,88.52,26.67,69.12
BHARATFORG,414.42,409.68,22.71,66.36
MMFL,112.5,112.41,33.83,61.9
RKFORGE,76.5,76.25,25.99,66.84
TIINDIA,232.84,232.54,23.23,66.89
ASAHIINDIA,152.77,152.51,22.52,67.0
MOTHERSON,70.94,69.38,20.65,61.39
SUBROS,86.18,86.12,32.12,58.72
IGARASHI,539.3,538.51,20.46,68.58
FIEMIND,292.95,292.8,29.62,59.37
LUMAXTECH,63.14,63.11,28.67,65.22
VARROC,1053.67,900.16,61.81,52.29
LUMAXIND,450.9,449.61,37.18,56.66
IMPAL,450.78,450.3,74.6,62.14
LANDMARK,624.67,603.82,38.66,68.27
KROSS,184.27,178.2,26.5,67.03
ZFCVINDIA,6364.64,4880.49,72.71,62.0
GNA,120.69,119.57,44.5,69.83
JAMNAAUTO,27.5,27.21,31.23,63.52
GABRIEL,89.08,87.42,20.9,61.65
SANSERA,715.41,653.3,37.51,62.52
AUTOAXLES,697.08,696.98,20.26,52.37
VSTTILLERS,1374.31,1367.08,20.73,59.68
ESCORTS,140.0,139.93,29.77,69.23
CEATLTD,998.17,989.98,22.15,68.39
TVSSRICHAK,2769.69,2741.95,20.66,69.52
MRF,38824.62,28333.3,77.33,69.94
BALKRISIND,340.17,340.11,28.51,54.97
APOLLOTYRE,161.26,159.03,20.16,61.86
JKTYRE,107.95,107.88,23.53,57.87
SSWL,40.49,40.44,44.09,63.6
WHEELS,619.79,512.46,58.31,65.45
SJS,397.97,396.01,32.96,67.78
LGBBROSLTD,252.58,252.19,25.75,64.02
RAJRATAN,1487.85,1373.04,35.08,62.12
ABDL,339.7,339.28,33.36,59.84
ASALCBR,201.98,201.58,23.7,65.16
TI,17.01,16.91,48.66,69.49
UBL,973.94,789.42,57.49,65.69
GMBREW,328.4,321.33,47.85,64.02
GLOBUSSPR,77.57,77.47,29.87,57.26
RADICO,91.75,91.42,30.08,67.35
SULA,430.17,430.12,41.22,66.73
UNITDSPR,674.21,550.28,67.53,66.33
SDBL,32.3,32.06,27.52,67.75
GHCL,126.05,121.26,20.45,60.96
ANDHRSUGAR,25.47,25.46,24.76,65.6
CHEMFAB,186.67,139.35,49.33,65.81
SRHHYPOLTD,71.06,70.98,22.2,62.9
GUJALKALI,177.58,174.32,41.09,69.6
TATACHEM,417.83,417.51,20.78,62.52
GULPOLY,56.35,56.27,39.74,64.92
INDIAGLYCO,95.83,95.63,24.92,64.28
PCBL,11.31,11.14,55.28,68.82
HSCL,16.68,16.17,24.21,63.06
DEEPAKFERT,146.43,146.37,44.65,68.99
GNFC,47.4,47.16,20.96,60.61
DVL,81.91,79.27,62.46,67.22
GODREJIND,372.11,357.65,30.0,65.71
GODAVARIB,253.75,224.85,54.66,62.23
VIDHIING,56.02,55.9,24.2,68.62
HEUBACHIND,793.34,682.6,52.61,63.78
SUDARSCHEM,92.56,92.36,29.69,65.64
KIRIINDUS,91.78,91.05,24.98,67.13
SHREEPUSHK,117.25,114.99,20.21,63.11
REFEX,1.77,1.67,27.36,64.17
UNIENTER,35.02,34.68,20.18,62.23
LINDEINDIA,348.5,283.7,56.09,69.95
IGPL,111.26,109.96,28.73,66.59
TIRUMALCHM,18.12,17.96,31.93,69.61
CHEMPLASTS,514.04,419.68,56.68,67.53
DCW,23.22,23.19,23.07,60.96
RAIN,32.15,32.12,29.01,63.15
KOTHARIPET,25.24,24.38,21.76,67.15
SPLPETRO,382.03,381.95,21.8,57.33
MANALIPETC,26.38,26.3,35.26,64.07
AGARIND,92.45,79.32,63.48,64.97
INDOAMIN,87.5,87.49,34.2,59.38
ACI,474.27,368.08,56.77,66.5
EPIGRAL,600.76,597.9,22.5,68.25
VALIANTORG,1491.84,1296.38,48.11,67.91
FINEORG,706.32,581.09,47.05,65.74
CLEAN,2278.74,2196.31,20.51,69.26
AARTIIND,120.43,120.2,25.95,64.07
BASF,1203.14,992.84,62.61,65.49
VISHNU,56.5,56.46,40.52,57.39
SRF,233.4,233.18,21.57,63.51
EXCELINDUS,261.39,236.89,59.03,68.45
DEEPAKNTR,65.68,65.62,23.5,61.69
ATUL,1422.62,1422.39,28.6,66.98
OAL,199.62,199.44,38.05,61.04
PRIVISCL,0.08,0.07,44.33,59.72
ROSSARI,870.94,849.75,42.89,67.44
CAMLINFINE,96.04,94.04,26.2,64.5
FAIRCHEMOR,524.78,398.93,63.7,69.65
GALAXYSURF,1473.36,1254.63,63.67,68.75
PIDILITIND,565.74,562.46,23.06,56.53
FOSECOIND,1360.33,1357.76,22.08,63.89
FCL,30.14,30.11,31.04,66.63
TATVA,1898.01,1339.35,58.45,69.59
JUBLINGREA,492.93,492.0,34.02,65.08
ANURAS,648.6,643.62,25.27,69.6
LXCHEM,476.98,397.39,69.92,68.11
VINATIORGA,261.75,235.71,43.46,67.83
AETHER,936.11,934.78,20.87,62.57
NEOGEN,343.7,343.02,25.91,67.18
ALKYLAMINE,126.01,125.8,36.34,68.16
BALAMINES,140.71,140.18,20.78,68.46
PLATIND,218.18,212.67,21.91,66.69
AMNPLST,196.41,196.29,31.92,52.85
STYRENIX,755.54,592.41,73.18,67.31
BEPL,13.53,13.52,32.71,53.08
NAVINFLUOR,200.66,167.53,44.41,68.15
FLUOROCHEM,352.51,352.42,38.54,68.22
JGCHEM,347.57,340.65,53.38,67.84
NOCIL,55.79,55.31,35.74,66.95
YASHO,1739.7,1444.49,49.77,66.78
EUREKAFORB,593.62,560.08,42.22,69.89
EPACK,200.45,199.75,25.7,68.95
IFBIND,413.98,388.54,29.63,69.0
WHIRLPOOL,630.07,629.58,33.22,68.59
VOLTAS,305.97,300.97,24.39,65.5
WEL,6.68,6.63,25.47,65.39
BAJAJELEC,173.42,171.94,21.14,69.36
JCHAC,1393.63,1108.64,59.08,67.25
SYMPHONY,1003.24,1002.94,22.09,61.21
BLUESTARCO,176.48,175.26,32.43,68.66
ORIENTELEC,144.16,144.13,22.97,60.94
CROMPTON,157.6,155.89,34.14,66.37
AMBER,992.36,742.57,47.51,68.08
VGUARD,66.3,66.24,27.35,58.34
VSTIND,151.32,151.13,21.46,58.43
GODFRYPHLP,499.42,416.03,66.13,69.54
HERITGFOOD,131.38,131.14,46.61,62.66
HATSUN,213.25,213.22,26.18,62.66
DODLA,487.85,487.82,27.98,54.7
VADILALIND,631.9,627.28,20.7,62.78
PARAGMILK,240.8,240.69,30.53,57.09
IKIO,368.3,296.5,57.78,67.92
DIXON,494.08,401.08,39.68,69.11
HAVELLS,305.72,304.43,25.73,64.18
PGEL,12.09,12.08,21.65,60.18
ZYDUSWELL,874.15,839.92,32.72,64.27
HINDUNILVR,858.69,845.77,20.49,58.47
TATACONSUM,121.66,120.59,22.99,64.53
BBTC,386.01,385.97,27.19,60.07
HNDFDS,120.5,113.73,23.99,67.47
NESTLEIND,565.45,551.62,32.63,66.81
ITC,224.2,219.42,20.05,69.18
GOPAL,339.79,336.84,20.56,54.91
MANORAMA,253.52,252.81,20.22,56.66
VBL,31.08,31.02,21.42,55.35
VENKEYS,352.93,352.75,23.78,57.7
BIKAJI,381.22,380.78,41.93,67.68
BRITANNIA,1567.57,1351.49,68.61,64.53
TASTYBITE,5213.49,5185.01,20.82,65.74
BECTORFOOD,288.78,288.57,26.98,60.49
ADFFOODS,16.97,16.96,28.57,65.2
DIAMONDYD,1142.8,946.3,48.23,68.21
BATAINDIA,498.1,490.48,20.29,58.11
REDTAPE,145.75,144.21,47.35,67.84
CAMPUS,315.95,252.13,48.83,64.19
METROBRAND,388.85,334.99,42.7,67.28
RELAXO,213.8,212.36,37.72,67.99
CELLO,763.25,661.54,55.55,64.9
BOROLTD,104.75,99.55,42.34,63.87
NILKAMAL,930.47,738.43,63.81,68.31
LAOPALA,306.63,306.01,27.57,60.95
PNGJL,627.46,469.79,46.03,65.9
RGL,28.93,28.25,33.64,63.69
SENCO,176.66,154.77,42.25,66.79
DPABHUSHAN,45.47,45.27,23.55,60.7
VAIBHAVGBL,57.68,57.65,26.26,68.06
SKYGOLD,65.66,51.75,66.93,67.42
RAJESHEXPO,345.01,344.72,24.94,62.57
TITAN,316.74,270.76,55.29,68.18
THANGAMAYL,98.89,98.68,27.37,64.05
ETHOSLTD,968.6,968.22,20.36,64.57
TBZ,64.19,64.0,30.97,68.66
RADHIKAJWE,33.85,33.7,28.81,67.22
KDDL,171.75,142.76,55.52,68.02
MVGJL,236.59,236.41,31.23,54.67
KALYANKJIL,71.6,71.09,29.92,65.36
GOLDIAM,9.44,9.41,25.85,68.08
CARYSIL,291.11,288.68,41.87,68.7
STOVEKRAFT,549.16,529.89,38.05,62.45
BUTTERFLY,215.41,197.24,36.03,68.51
TTKPRESTIG,346.28,345.84,28.5,61.61
SAFARI,312.7,312.58,34.15,68.04
VIPIND,98.13,98.03,24.79,57.46
JYOTHYLAB,143.57,142.7,20.95,58.64
EVEREADY,347.38,346.39,20.96,67.48
BERGEPAINT,138.71,136.86,25.28,68.66
KANSAINER,170.81,170.48,30.66,67.67
INDIGOPNTS,913.33,680.7,48.61,63.19
ASIANPAINT,874.46,861.52,20.23,66.25
SIRCA,116.94,116.85,28.0,62.41
AKZOINDIA,1347.95,1076.8,70.84,64.35
GODREJCP,430.03,422.8,21.21,68.87
SHK,226.85,225.25,23.69,69.85
GILLETTE,5071.43,3901.61,63.02,69.95
PGHH,5676.23,5671.98,28.55,63.08
EMAMILTD,497.54,495.82,25.28,69.96
BAJAJCON,388.97,388.93,23.01,51.74
COLPAL,960.81,754.08,62.63,69.24
CUPID,11.31,11.29,23.19,69.02
HONASA,333.8,237.75,46.86,67.81
DABUR,295.63,289.54,31.27,50.33
VMM,120.01,119.93,23.57,56.94
FIRSTCRY,545.72,395.11,57.51,69.34
AVL,376.51,371.42,26.84,69.42
DMART,656.29,555.19,55.51,68.44
V2RETAIL,55.92,53.9,28.2,67.35
EMIL,73.51,73.4,21.81,61.8
TRENT,125.87,125.63,22.65,59.36
SHOPERSTOP,346.98,346.78,26.08,68.64
VMART,137.01,130.18,36.06,61.57
DOMS,1320.84,1147.52,46.3,66.98
KOKUYOCMLN,84.41,84.21,27.54,62.89
FLAIR,312.82,232.47,50.8,68.58
PREMEXPLN,69.9,69.72,25.14,65.8
GOCLCORP,150.02,149.76,31.23,59.45
SOLARINDS,728.03,600.57,59.18,65.79
NIBE,1321.64,1305.68,29.05,65.69
BDL,134.24,134.07,25.7,57.37
MIDHANI,131.46,127.57,47.53,60.27
MTARTECH,874.93,675.74,47.39,69.81
DYNAMATECH,2782.57,2307.6,47.74,68.09
HAL,353.09,352.94,33.69,56.22
BEML,1211.57,1208.72,36.74,69.4
COCHINSHIP,182.96,182.47,28.58,63.25
MAZDOCK,118.52,113.29,44.3,64.03
GRSE,113.05,113.04,42.51,65.01
AVANTEL,124.07,123.01,20.23,64.68
ROSSTECH,398.31,290.58,50.54,68.62
BEL,35.74,35.42,21.65,64.96
ZENTEC,89.76,89.74,31.6,64.97
ASTRAMICRO,115.81,115.73,27.91,63.97
IDEAFORGE,1103.94,1035.75,28.01,56.04
DCXINDIA,178.17,178.04,28.88,54.76
DATAPATTNS,678.47,533.32,53.0,69.61
APOLLO,11.9,11.46,33.93,64.65
GENUSPOWER,39.41,38.32,32.76,69.03
HONAUT,8457.71,6684.96,64.43,58.66
HIRECT,69.4,69.18,23.13,62.01
RISHABH,564.91,564.15,35.94,58.25
PITTIENG,33.85,33.83,34.69,54.17
MICEL,12.67,12.64,27.12,61.68
SBCL,67.21,63.14,33.5,68.01
KABRAEXTRU,99.57,99.52,28.71,59.64
MARINE,848.18,591.52,38.71,68.52
ELECON,30.21,30.15,27.71,62.06
SERVOTECH,13.35,10.61,63.5,68.25
KAYNES,657.9,498.2,61.61,64.38
CYIENTDLM,701.57,692.35,25.62,69.75
AVALON,378.52,275.72,65.06,69.41
CENTUM,669.27,660.67,30.46,69.08
SYRMA,275.62,275.3,21.13,67.48
KMEW,2045.94,1559.49,61.85,65.43
DREDGECORP,381.44,378.49,39.48,60.99
NAM-INDIA,234.67,232.49,29.29,68.28
HDFCAMC,1633.56,1296.76,62.97,64.85
ABSLAMC,434.24,434.22,24.55,61.72
UTIAMC,560.3,559.99,23.53,64.62
AFSL,265.39,265.22,36.04,67.28
DAMCAPITAL,327.32,275.84,52.38,68.96
MASTERTR,132.64,132.55,24.84,60.76
SHAREINDIA,36.21,35.82,50.06,61.41
BIRLAMONEY,28.18,27.39,31.85,66.45
ANGELONE,954.35,684.53,54.92,69.53
MOTILALOFS,72.22,72.18,21.34,64.1
5PAISA,258.17,238.86,34.55,67.1
MONARCH,144.42,135.24,52.22,67.45
GEOJITFSL,33.62,33.25,34.02,68.0
IIFLCAPS,35.18,35.1,39.09,69.23
SMCGLOBAL,88.66,86.66,32.0,66.34
INDOTHAI,23.22,22.68,40.41,69.88
BAJAJFINSV,176.66,176.22,34.68,65.86
ABCAPITAL,140.19,139.73,36.9,68.18
JMFINANCIL,39.23,39.07,20.64,54.54
EDELWEISS,35.9,35.78,38.26,67.65
GODIGIT,321.8,261.48,52.25,69.8
NIVABUPA,81.11,80.97,26.3,61.62
STARHEALTH,915.01,630.28,62.04,64.22
GICRE,432.9,428.14,26.91,52.64
NIACL,323.22,322.98,30.28,68.78
ICICIGI,664.04,555.69,50.44,67.94
SATINDLTD,78.71,78.65,32.02,68.21
SCILAL,70.06,69.18,20.13,65.9
BAJAJHLDNG,1546.5,1231.83,70.52,64.58
PILANIINVS,928.88,928.26,33.66,62.33
KICL,1596.59,1572.8,20.16,69.74
TATAINVEST,504.71,500.44,24.01,63.15
JSWHL,1000.71,998.82,21.92,61.94
BFINVEST,124.8,120.89,24.61,64.28
MAHSCOOTER,1014.53,818.83,51.15,69.3
NSIL,619.16,618.36,56.27,59.14
GKWLIMITED,644.88,635.53,36.51,66.96
HEXATRADEX,16.56,15.56,46.88,66.41
SUMMITSEC,324.22,273.82,58.42,63.96
CHOICEIN,131.44,128.35,46.85,69.96
AADHARHFC,428.34,428.3,24.01,67.61
BAJAJHFL,123.77,121.59,20.07,66.89
APTUS,319.6,248.45,61.2,66.6
SAMMAANCAP,646.85,546.36,59.19,64.12
PNBHOUSING,629.62,451.3,52.3,67.7
AAVAS,803.54,800.76,23.6,65.83
REPCOHOME,623.48,614.63,21.99,66.7
CANFINHOME,187.44,187.11,38.0,66.48
LICHSGFIN,478.23,471.82,20.4,68.09
INDIASHLTR,605.96,590.3,28.25,66.88
GICHSGFIN,221.65,217.85,30.01,66.58
HOMEFIRST,162.14,161.4,30.82,66.96
IFCI,24.36,24.33,21.77,68.6
HUDCO,63.86,59.1,25.22,64.18
TFCILTD,59.07,58.86,26.47,63.32
PFC,69.42,68.81,20.25,57.66
RECLTD,68.69,65.59,31.45,66.22
IREDA,158.58,158.05,23.79,58.4
RELIGARE,291.35,244.98,44.75,67.56
CHOLAHLDNG,569.82,478.4,59.09,68.55
SUNDARMHLD,81.9,81.68,31.21,62.43
MFSL,471.71,420.39,57.59,67.23
HDFCLIFE,476.78,476.42,31.73,64.86
SBILIFE,685.19,683.62,22.03,68.84
ICICIPRULI,370.15,369.26,20.21,64.32
LICI,743.05,685.22,31.65,68.31
CREDITACC,388.05,384.57,21.56,61.36
SPANDANA,1003.35,992.59,29.58,66.29
MUTHOOTMF,230.13,229.91,27.1,56.66
SATIN,170.53,151.48,39.68,67.81
FUSION,352.15,249.44,73.56,66.55
OSWALAGRO,8.15,8.13,27.03,56.95
MEDIASSIST,426.24,297.49,55.31,69.41
PNBGILTS,24.16,24.04,25.0,67.21
DHANI,17.77,17.67,23.57,66.03
DOLATALGO,53.32,53.17,30.09,66.72
NORTHARC,240.67,181.24,49.0,67.6
AIIL,743.44,557.35,54.24,69.78
JIOFIN,286.53,276.74,47.08,63.52
MANAPPURAM,28.51,28.46,25.12,56.84
SUNDARMFIN,1384.3,1082.32,51.28,68.37
ARMANFIN,212.25,212.0,35.0,61.24
SHRIRAMFIN,166.86,164.95,20.89,67.56
CGCL,6.98,6.65,21.69,66.46
FIVESTAR,529.94,404.95,73.33,69.24
LTF,62.85,58.97,52.78,63.17
MUFIN,147.63,147.32,45.4,69.18
CHOLAFIN,126.2,107.06,52.49,69.32
MUTHOOTFIN,190.5,185.45,35.35,69.41
SBICARD,714.05,712.78,39.69,65.34
UGROCAP,201.38,200.99,31.36,68.59
POONAWALLA,93.4,92.77,37.19,54.68
IIFL,193.36,193.27,28.5,57.89
CREST,37.23,37.21,24.61,59.0
PEL,795.43,648.92,49.08,64.82
VHL,939.06,921.53,20.79,64.44
BAJFINANCE,65.31,65.28,21.63,66.29
M&MFIN,135.13,134.94,24.74,57.44
INDOSTAR,538.57,458.8,49.59,65.25
SBFC,86.22,85.8,20.12,66.48
MASFIN,184.73,150.64,53.22,69.33
FEDFINA,124.04,123.77,22.34,66.16
JSFB,391.67,290.02,59.85,64.57
CAPITALSFB,350.72,350.7,25.46,60.59
IDBI,83.83,83.72,23.5,58.74
KOTAKBANK,668.78,516.96,60.67,64.89
AUBANK,348.85,346.11,20.85,62.38
KTKBANK,74.76,74.73,22.22,60.73
TMB,456.64,381.08,59.23,69.55
INDUSINDBK,913.76,785.7,58.11,58.47
KARURVYSYA,73.9,73.81,30.26,63.24
J&KBANK,63.36,63.23,26.94,64.9
SURYODAY,51.84,48.11,33.51,65.97
AXISBANK,547.56,434.54,54.18,69.61
CUB,84.33,80.82,28.94,65.34
DCBBANK,79.38,78.25,20.53,60.25
FEDERALBNK,49.94,48.82,21.39,64.99
RBLBANK,285.78,255.82,44.97,68.62
BANDHANBNK,460.47,370.14,65.23,69.13
EQUITASBNK,51.02,49.95,47.4,66.93
ICICIBANK,241.26,176.24,60.88,67.57
FINOPB,256.45,255.83,20.31,54.12
IDFCFIRSTB,48.64,48.25,32.1,62.1
HDFCBANK,527.67,424.56,59.01,68.43
CSBBANK,174.59,160.58,48.59,67.64
PNB,117.53,103.8,52.24,63.92
CANBK,39.08,38.6,21.18,67.59
BANKBARODA,141.83,126.51,44.41,69.93
INDIANB,97.84,97.22,38.48,67.31
SBIN,186.87,186.39,28.15,60.93
UNIONBANK,120.72,120.62,25.18,59.92
MAHABANK,29.7,29.68,27.14,55.5
BANKINDIA,151.53,114.24,55.41,67.14
ICRA,4063.16,3088.27,57.15,62.85
CARERATING,1024.14,1021.83,38.52,69.48
CRISIL,1811.45,1671.98,39.68,69.63
360ONE,245.95,181.51,46.84,69.83
NUVAMA,2571.71,2112.16,47.89,68.12
ANANDRATHI,331.19,330.71,32.94,68.72
WEALTH,143.82,130.82,45.96,65.53
PRUDENT,647.26,625.25,23.94,68.24
BIRLANU,524.39,521.96,20.82,63.87
SFL,412.88,376.86,37.04,66.84
HESTERBIO,702.98,694.93,32.87,51.72
SEQUENT,94.77,94.63,34.9,61.1
ACUTAAS,564.31,420.87,63.19,67.71
ANUHPHR,187.38,181.31,35.35,69.26
LAURUSLABS,106.97,106.76,28.4,68.65
IOLCP,24.37,21.74,61.96,67.65
ALEMBICLTD,45.22,44.43,21.03,67.04
BLUEJET,340.17,255.16,48.07,68.47
DIVISLAB,905.26,869.54,20.07,59.84
AARTIDRUGS,117.13,116.92,24.29,67.35
SMSPHARMA,84.88,84.49,42.17,69.73
SUPRIYA,470.57,384.12,57.35,53.49
HIKAL,96.29,96.27,37.53,67.95
SIGACHI,26.55,26.53,25.87,58.05
GRANULES,105.98,87.53,48.23,58.73
ORCHPHARMA,1871.54,1329.8,90.13,64.86
CONCORDBIO,914.78,852.11,51.48,68.41
NEULANDLAB,757.52,753.4,42.27,68.2
SOLARA,336.6,336.11,54.3,59.8
GUFICBIO,52.99,52.93,38.36,60.51
BIOCON,83.75,81.98,54.71,59.46
PANACEABIO,79.68,74.77,44.35,69.23
ADVENZYMES,394.03,367.04,30.83,64.65
WINDLAS,342.31,322.92,47.54,68.95
COHANCE,227.34,227.2,37.51,68.69
SAILIFE,722.79,721.91,21.45,58.21
AKUMS,763.16,747.86,33.24,62.95
INNOVACAP,561.97,552.66,31.18,51.62
VIMTALABS,37.28,37.21,37.76,60.52
SYNGENE,199.27,195.38,44.01,62.99
SPARC,303.71,295.1,28.65,69.52
AARTIPHARM,270.52,209.93,55.96,66.67
PPLPHARMA,78.28,78.11,40.58,68.16
SUVEN,226.16,216.92,29.25,68.88
GLAND,2261.55,1763.78,64.52,68.82
CAPLIPOINT,199.21,198.89,23.63,68.24
JUBLPHARMA,356.51,355.42,30.96,65.25
SHILPAMED,488.14,488.02,22.05,52.61
DCAL,348.07,345.34,39.71,65.65
SURAKSHA,363.8,311.64,51.38,68.8
LALPATHLAB,722.65,573.01,52.46,68.48
METROPOLIS,1144.53,1111.69,46.43,69.12
VIJAYA,353.31,353.29,29.61,53.96
THYROCARE,593.65,593.49,37.18,54.76
KRSNAA,719.77,717.98,23.42,61.29
LAXMIDENTL,417.29,413.14,20.52,58.66
POLYMED,186.24,183.79,37.16,63.65
TARSONS,749.37,721.04,26.75,64.98
EMCURE,1198.72,938.71,52.03,69.07
ONESOURCE,1380.29,1285.89,36.44,64.11
DRREDDY,726.87,658.58,53.38,64.32
UNICHEMLAB,226.14,226.13,31.97,57.39
ZYDUSLIFE,413.56,410.37,20.52,64.81
ALKEM,1369.67,1198.27,58.45,61.43
CIPLA,531.45,520.12,20.34,66.63
JAGSNPHARM,14.67,14.62,26.85,59.66
APLLTD,678.0,522.46,60.68,66.37
SANOFI,3917.31,3198.53,78.22,69.44
WOCKPHARMA,875.92,872.08,20.55,55.5
TORNTPHARM,682.53,678.15,20.25,64.21
LUPIN,1564.04,1546.1,31.64,67.54
ALIVUS,456.32,455.95,36.34,62.93
RPGLIFE,271.63,242.63,49.76,68.87
LINCOLN,163.72,162.75,24.16,69.25
ERIS,579.24,576.69,21.46,65.0
PFIZER,2181.84,1978.34,58.39,67.09
THEMISMED,39.0,38.96,31.02,62.08
INDOCO,329.06,263.25,50.22,56.33
BLISSGVS,103.33,102.95,26.41,67.28
JBCHEPHARM,134.25,134.21,20.58,50.9
STAR,1320.59,1293.26,20.04,61.48
IPCALAB,246.18,242.54,20.69,65.72
MARKSANS,45.26,45.04,28.32,68.71
AUROPHARMA,720.92,586.14,55.65,68.48
GLENMARK,1103.67,1093.34,25.31,53.72
SANOFICONR,4539.25,3497.07,46.14,68.76
MOREPENLAB,23.38,23.24,27.46,66.21
MANKIND,1788.9,1527.3,60.9,61.2
FDC,183.75,183.16,21.77,65.23
ABBOTINDIA,4515.07,3598.84,60.58,64.71
GLAXO,1769.71,1714.84,56.4,68.95
AJANTPHARM,873.19,870.61,27.71,68.73
NATCOPHARM,483.06,473.1,23.88,68.82
ASTRAZEN,1117.14,1020.78,55.59,69.01
SUNPHARMA,798.0,787.66,23.48,67.56
GPTHEALTH,167.56,167.38,24.04,65.64
YATHARTH,337.48,270.95,55.06,69.09
ASTERDM,175.19,175.1,22.0,54.95
ARTEMISMED,16.51,16.32,25.95,69.18
SHALBY,99.19,94.0,35.79,66.71
NH,262.67,228.66,37.4,69.0
HCG,222.22,221.92,47.56,68.0
MAXHEALTH,146.44,144.0,31.23,68.7
FORTIS,167.83,166.42,20.5,68.23
JLHL,1009.51,887.37,63.32,65.98
KIMS,261.33,261.25,24.57,55.67
MEDANTA,469.74,461.17,27.98,69.87
APOLLOHOSP,1290.72,1245.33,31.01,69.31
RAINBOW,574.95,572.1,25.0,68.13
INDRAMEDCO,55.02,54.94,29.55,60.88
ZOTA,154.59,153.83,31.1,64.25
BAJAJHCARE,317.29,315.31,33.68,67.57
AMRUTANJAN,233.53,232.86,26.31,65.61
TTKHLTCARE,824.71,760.8,32.31,69.85
PGHL,772.74,772.68,20.29,53.52
AWFIS,644.79,644.34,21.53,62.69
ECOSMOBLTY,252.12,231.25,43.76,68.56
QUESS,485.03,373.43,59.71,66.16
TEAMLEASE,933.26,731.33,37.66,69.1
UDS,303.79,303.47,20.47,64.59
SIS,344.1,324.0,33.24,69.05
WENDT,1751.53,1210.01,74.32,69.62
CARBORUNIV,181.58,180.55,25.79,64.64
GRINDWELL,326.25,325.98,23.19,64.25
HONDAPOWER,1251.7,1238.06,21.24,64.09
SPECTRUM,267.35,206.17,65.52,68.05
DIFFNKG,285.01,278.23,20.55,65.32
ADOR,291.84,290.65,20.26,57.88
ESABINDIA,581.41,580.7,30.77,60.08
HLEGLAS,433.26,346.37,64.21,66.46
GMMPFAUDLR,278.34,277.78,24.25,64.3
MAMATA,394.14,394.1,22.67,69.33
JYOTICNC,514.66,467.67,31.69,59.22
LMW,3452.82,2639.3,66.15,64.6
WINDMACHIN,37.74,37.59,28.29,62.21
BAJAJINDEF,343.12,296.84,42.12,66.41
TEGA,487.01,391.78,50.02,68.5
THEJO,125.91,125.57,23.87,60.25
TIL,69.68,69.36,40.4,67.16
UNIPARTS,531.72,453.83,50.29,61.47
EIMCOELECO,556.55,469.25,48.38,68.09
TRANSRAILL,555.34,554.62,37.74,69.75
TECHNOE,250.44,249.69,26.22,61.47
GALAPREC,1028.12,1013.87,28.07,64.02
AZAD,797.94,795.71,45.47,66.52
PENIND,47.78,47.74,42.54,60.88
HARSHA,376.6,303.37,46.7,69.86
DEEDEV,298.82,291.8,35.0,67.68
ISGEC,472.68,385.12,59.24,68.57
POWERMECH,293.64,293.56,53.24,61.35
ANUP,218.55,218.16,30.04,56.48
WALCHANNAG,142.6,142.35,26.65,64.77
LLOYDSENGG,1.65,1.54,34.08,68.24
AWHCL,282.72,191.07,58.73,68.86
INDIANHUME,207.97,207.42,27.14,67.09
JASH,28.84,27.54,25.62,69.1
PRAJIND,87.61,86.15,20.8,66.52
INGERRAND,884.29,747.01,53.16,68.78
KIRLOSENG,227.49,225.75,34.42,64.84
GREAVESCOT,127.98,127.78,27.22,60.02
ROTO,248.85,247.52,24.32,50.41
CUMMINSIND,1078.51,872.28,68.4,66.77
ELGIEQUIP,75.92,71.54,38.01,67.45
YUKEN,545.51,520.7,42.72,68.3
KIRLOSBROS,128.48,128.3,28.49,64.76
KSB,117.02,115.21,30.98,69.84
KIRLPNU,659.26,658.23,25.07,64.54
SWARAJENG,915.99,914.86,34.26,66.52
SHAKTIPUMP,26.29,26.1,29.54,59.39
SKFINDIA,1299.01,1142.08,57.18,65.25
NRBBEARING,124.44,124.33,20.69,68.24
TIMKEN,581.22,492.27,72.07,67.32
BOROSCI,136.62,135.3,20.89,59.06
INOXINDIA,788.42,584.19,63.15,63.23
KRN,747.87,740.35,32.39,69.57
EKC,19.39,19.29,51.66,63.75
GRWRHITECH,572.18,388.05,50.17,66.21
SHAILY,239.12,236.18,25.39,63.08
SUPREMEIND,650.5,649.56,32.03,65.14
KINGFA,722.12,721.6,20.53,60.56
TIMETECHNO,49.32,49.23,23.57,60.77
JAICORPLTD,70.65,64.61,48.16,63.09
JISLJALEQS,68.74,67.15,27.82,58.71
PTCIL,3567.94,2259.56,68.03,68.54
PIXTRANS,894.91,874.14,24.23,65.94
GRPLTD,244.93,241.49,25.32,65.67
APCOTEXIND,109.69,100.33,49.72,69.5
DREAMFOLKS,405.65,380.7,43.7,63.62
GMRAIRPORT,12.14,11.99,21.0,59.51
DALBHARAT,1059.9,775.42,50.4,68.95
SHREECEM,10651.21,8334.59,60.51,64.76
JKLAKSHMI,327.84,327.46,32.14,65.92
ORIENTCEM,144.06,143.9,27.33,62.42
NUVOCO,503.92,432.82,62.18,67.4
JKCEMENT,625.78,543.73,62.54,60.26
HEIDELBERG,77.73,76.99,41.49,69.01
INDIACEM,83.54,83.37,21.61,60.27
ACC,1324.94,1048.54,53.02,69.63
MANGLMCEM,195.22,189.39,34.23,69.65
BIRLACORPN,451.14,450.25,20.99,58.22
SANGHIIND,56.66,56.41,23.93,61.52
GRASIM,698.99,532.19,77.31,67.55
SAGCEM,102.71,92.97,51.37,64.81
PRSMJOHNSN,73.65,73.39,24.22,69.0
SHREDIGCEM,26.79,26.76,41.63,63.34
RAMCOCEM,337.96,265.29,71.22,67.62
STARCEMENT,125.1,124.88,32.04,66.16
RAMCOIND,120.85,120.33,23.83,65.33
KCP,88.23,88.05,43.18,60.67
AMBUJACEM,235.45,223.01,32.27,59.98
ULTRACEMCO,3004.13,2350.62,66.67,63.6
DECCANCE,304.79,301.62,28.69,64.94
CERA,1743.6,1365.32,52.82,68.82
KAJARIACER,486.44,477.05,26.57,68.34
HINDWAREAP,83.07,81.72,31.58,58.94
SOMANYCERA,361.72,312.8,51.65,62.95
NITCO,41.97,41.46,32.89,69.45
POKARNA,164.58,148.48,44.35,66.29
ITDCEM,101.03,100.42,21.19,66.59
RAMKY,37.75,35.8,27.03,62.18
LIKHITHA,119.22,117.57,45.42,68.76
VPRPL,210.37,208.01,20.17,57.51
NCC,75.64,72.95,20.22,62.57
SIMPLEXINF,350.27,301.2,43.42,69.57
NBCC,42.06,41.72,20.3,65.62
INTERARCH,1228.88,898.04,61.92,68.54
BLKASHYAP,16.03,15.67,24.45,68.58
ENGINERSIN,106.21,90.9,46.93,65.43
GMRP&UI,29.92,29.09,43.97,65.04
KPIL,259.27,215.14,55.27,68.19
LT,1185.46,1129.76,40.38,58.66
GPTINFRA,31.59,31.13,21.13,62.13
JKIL,343.31,267.07,50.1,66.0
STYLAMIND,996.45,852.55,39.12,63.22
GREENLAM,51.93,51.82,21.28,65.09
CENTURYPLY,159.36,159.29,30.77,62.73
GREENPLY,191.75,191.31,37.14,56.87
GREENPANEL,34.26,32.43,40.04,69.1
APOLLOPIPE,141.29,140.8,31.47,67.25
ASTRAL,177.54,177.46,39.45,66.88
RESPONIND,101.99,101.48,32.73,65.64
FINPIPE,59.76,59.64,24.12,58.79
PRINCEPIPE,103.68,103.08,30.91,65.3
GPPL,157.4,155.8,20.26,68.02
ADANIPORTS,290.39,236.97,59.19,68.39
JSWINFRA,261.52,253.37,20.41,66.88
GARUDA,107.61,106.97,22.51,69.88
VASCONEQ,34.17,33.13,23.12,68.53
PSPPROJECT,239.27,167.69,66.08,68.87
CAPACITE,340.63,339.6,29.19,64.62
MANINFRA,23.62,23.59,20.59,56.6
AHLUCONT,190.92,177.2,33.29,69.88
SHANKARA,760.63,760.01,29.7,67.45
BFUTILITIE,539.03,535.93,24.89,67.82
ASHOKA,121.85,119.14,37.88,68.65
DBL,216.87,210.45,25.27,68.38
GRINFRA,1498.08,1147.73,60.25,67.37
PNCINFRA,101.71,101.66,27.83,61.51
KNRCON,50.79,50.77,20.69,57.71
IRB,22.05,21.73,21.67,64.2
HGINFRA,325.03,269.11,59.94,65.77
WELENT,50.02,49.82,32.87,66.77
SPMLINFRA,69.16,66.41,47.75,69.95
OMINFRAL,54.88,54.78,28.24,59.86
E2E,82.25,82.11,28.23,60.65
NIITLTD,82.25,81.49,22.13,65.81
NIITMTS,364.66,291.4,57.42,69.86
VERANDA,241.45,239.2,20.88,60.72
BLS,43.37,41.5,70.32,65.7
PROTEAN,1136.7,830.72,49.25,68.63
EMUDHRA,255.61,255.32,35.12,64.33
BLSE,184.65,171.7,37.1,69.73
HEXT,684.77,507.98,57.58,66.45
COFORGE,99.1,98.09,21.74,68.3
LTIM,664.42,664.35,27.03,67.8
MASTEK,141.73,141.56,34.25,69.47
ZENSARTECH,183.43,183.18,29.28,64.05
NPST,28.72,28.2,20.68,60.08
BLACKBUCK,440.94,440.33,21.59,63.88
PAYTM,1314.41,950.28,42.11,68.6
POLICYBZR,1060.51,961.79,35.6,65.44
NAZARA,908.59,906.69,28.49,62.52
ROUTE,1080.11,1079.88,22.45,57.37
RPTECH,297.27,251.99,48.4,69.61
NETWEB,734.91,566.76,47.2,69.7
CONTROLPR,255.71,255.35,23.89,57.76
DLINKINDIA,120.59,120.35,33.11,58.28
REDINGTON,54.59,54.49,37.35,68.07
UNIECOM,129.67,128.84,21.29,63.72
INDIAMART,562.45,426.72,58.16,65.64
JUSTDIAL,679.13,675.7,23.37,65.11
MATRIMONY,902.16,888.99,22.04,62.56
NAUKRI,166.26,166.14,35.36,56.72
SWIGGY,348.23,347.53,23.61,62.39
ETERNAL,60.77,60.17,20.29,61.38
MSTCLTD,136.93,117.7,47.28,66.1
CARTRADE,1341.57,1056.52,59.16,68.86
NYKAA,131.42,131.0,23.5,67.81
RTNINDIA,3.45,3.44,44.56,51.64
CDSL,157.38,114.78,67.12,69.07
KFINTECH,338.88,337.87,30.4,67.98
MCX,882.73,882.15,22.57,57.31
BSE,91.35,91.02,20.11,58.37
IEX,54.71,54.62,30.76,64.3
CAMS,1695.15,1490.73,64.85,69.59
INDGN,585.43,575.75,20.72,59.61
ENTERO,897.25,748.23,38.73,69.28
IKS,1562.74,1409.95,49.94,69.04
MEDPLUS,3031.6,2559.86,59.69,68.52
TBOTEK,1289.52,1117.25,45.48,64.05
IXIGO,159.82,159.46,25.04,60.58
THOMASCOOK,168.79,168.53,23.38,51.57
IRCTC,156.94,155.98,22.29,59.37
YATRA,132.76,132.38,20.51,55.85
OFSS,3830.95,3008.13,66.13,57.51
TANLA,34.96,34.82,23.12,65.32
QUICKHEAL,241.7,241.27,23.4,58.53
RAMCOSYS,878.37,687.82,64.35,67.86
MAPMYINDIA,1569.76,1177.25,65.45,66.86
NUCLEUS,201.02,195.12,29.1,56.49
ORIENTTECH,421.88,420.1,40.35,61.34
CIGNITITEC,356.17,331.67,46.18,69.24
BBOX,13.61,13.1,21.1,69.32
ADSL,47.9,47.72,30.73,63.14
DSSL,24.06,19.85,47.22,67.68
CYIENT,454.77,444.08,21.57,61.53
CMSINFO,252.15,247.72,36.61,69.29
EXPLEOSOL,613.91,558.47,38.15,67.32
AXISCADES,319.49,319.34,28.84,59.48
GENESYS,56.37,55.47,21.8,66.59
LTTS,760.65,726.62,33.3,68.02
SASKEN,350.02,333.27,39.37,55.31
DATAMATICS,54.34,53.8,20.71,56.07
AFFLE,302.93,291.48,41.93,60.06
RSYSTEMS,54.03,53.87,29.08,69.33
AURUM,273.03,271.82,32.41,67.84
TATATECH,1125.3,882.57,54.94,69.65
SILVERTUC,122.99,122.84,67.87,67.06
ZAGGLE,246.25,245.02,29.14,69.41
ECLERX,674.48,575.85,47.02,68.45
63MOONS,83.78,83.72,34.57,61.56
KPITTECH,95.3,95.24,22.95,57.17
TATAELXSI,930.75,927.5,20.83,66.31
SONATSOFTW,58.78,57.91,22.41,66.01
INFY,433.01,415.67,28.6,69.47
HAPPSTMNDS,485.45,437.37,49.34,68.07
TECHM,514.8,495.25,30.94,65.72
WIPRO,90.15,89.2,20.27,69.64
RATEGAIN,349.21,311.39,30.53,69.71
KELLTONTEC,60.75,59.05,20.3,62.02
HCLTECH,434.32,330.17,65.1,67.03
PERSISTENT,322.1,319.67,32.56,68.48
BSOFT,84.28,84.19,27.09,62.73
AURIONPRO,71.61,71.46,22.84,59.47
MPHASIS,473.57,472.39,50.37,65.82
ACCELYA,1047.98,987.26,44.84,64.76
SAKSOFT,17.79,17.63,24.87,68.81
NEWGEN,126.07,126.02,22.9,58.82
TCS,1181.72,1159.46,24.4,65.09
XCHANGING,46.29,46.23,28.1,66.85
LATENTVIEW,521.39,359.91,65.7,69.86
INTELLECT,195.13,191.57,28.45,63.34
MAYURUNIQ,437.97,437.58,37.1,68.27
VENTIVE,658.14,607.35,39.44,66.78
JUNIPER,367.27,300.04,45.67,64.25
THELEELA,372.17,337.39,37.3,69.48
PARKHOTELS,172.09,166.07,40.24,67.8
LEMONTREE,70.06,70.0,22.29,59.89
CHALET,317.28,273.48,47.91,69.99
EIHAHOTELS,124.21,123.96,27.25,58.47
TAJGVK,87.7,85.83,33.36,65.52
EIHOTEL,117.95,117.9,27.53,59.13
MHRIL,158.51,156.81,48.76,66.92
ITDC,323.64,309.45,34.87,67.39
INDHOTEL,101.51,101.05,49.96,67.87
ORIENTHOT,22.31,22.19,22.82,57.77
ROHLTD,55.07,52.96,45.02,63.64
SAMHI,203.72,194.57,20.54,62.2
WONDERLA,251.51,228.91,44.82,69.41
IMAGICAA,127.15,126.59,33.46,67.67
DELTACORP,69.82,68.49,20.53,67.45
WESTLIFE,280.18,223.42,49.64,66.59
JUBLFOOD,120.41,120.24,27.54,56.25
DEVYANI,171.65,171.23,21.45,63.55
BARBEQUE,555.16,414.36,56.07,69.33
RBA,140.31,139.96,30.13,68.71
SAPPHIRE,151.71,115.64,47.16,69.05
BALAJITELE,105.01,104.87,36.81,63.35
PFOCUS,51.58,51.49,21.49,60.41
SAREGAMA,26.43,26.31,29.23,67.43
TIPSMUSIC,6.73,6.7,28.35,61.12
NETWORK18,42.46,42.41,25.4,60.1
SIGNPOST,350.92,238.5,57.82,69.07
PVRINOX,759.98,598.42,56.09,66.11
MPSLTD,790.96,790.36,32.54,57.71
JAGRAN,156.67,156.66,23.97,59.56
DBCORP,313.62,257.37,54.35,67.42
NAVNETEDUL,91.38,91.19,36.59,62.43
SABTNL,1941.91,1606.43,85.14,64.51
GTPL,159.13,158.92,25.6,60.02
ZEEL,382.11,306.43,72.42,69.52
TVTODAY,196.58,168.53,54.83,67.32
NDTV,83.55,83.18,39.22,62.67
SUNTV,238.7,199.82,53.36,69.32
NATIONALUM,36.66,36.59,32.89,67.2
HINDALCO,73.95,73.63,29.01,68.86
BALUFORGE,379.44,378.6,31.43,63.41
TIIL,208.59,207.69,35.16,69.02
AIAENG,886.37,856.01,47.3,68.65
ELECTCAST,18.78,18.73,22.36,62.07
STEELCAS,271.71,212.08,49.42,69.56
NELCAST,60.01,59.85,20.86,53.59
HINDCOPPER,57.22,57.18,22.29,58.04
PRECWIRE,11.24,10.6,48.94,68.37
VEDL,56.21,55.9,20.73,65.06
ADANIENT,70.67,70.42,26.23,60.57
IMFA,63.27,62.01,30.23,66.75
MAITHANALL,100.13,100.1,25.48,61.08
RPEL,726.09,692.87,42.99,64.03
HEG,30.67,29.63,43.5,65.44
GRAPHITE,81.12,80.36,45.37,64.57
VESUVIUS,78.57,78.54,25.26,55.8
IFGLEXPOR,221.49,220.59,28.68,67.93
RHIM,85.16,85.13,28.04,56.43
LLOYDSENT,54.51,52.78,23.59,65.38
JINDALSTEL,77.71,68.18,50.69,61.96
SHYAMMETL,337.36,333.5,27.21,67.36
MUKANDLTD,34.91,34.89,30.76,63.16
SARDAEN,9.35,9.31,26.06,68.79
JAIBALAJI,1.48,1.46,20.41,61.97
VSSL,21.88,21.86,34.39,62.58
SUNFLAG,23.77,23.7,35.6,60.57
LLOYDSME,566.67,453.72,61.16,68.01
TATASTEEL,28.83,27.96,32.64,61.08
GPIL,3.19,3.08,47.43,68.23
KIOCL,77.73,75.44,53.37,66.6
ELECTHERM,66.89,57.38,38.99,68.56
KSL,161.82,161.38,36.35,66.58
JSL,22.31,19.62,57.83,67.36
JSWSTEEL,100.85,100.81,36.45,59.2
GALLANTT,29.98,29.43,20.35,63.07
SAIL,41.99,41.91,35.84,58.43
HINDZINC,156.26,143.54,45.93,69.87
GRAVITA,24.26,24.25,27.33,59.31
POCL,117.41,77.39,61.15,69.25
AEROFLEX,144.8,144.2,22.25,67.09
VENUSPIPES,331.56,299.79,66.22,66.92
BANSALWIRE,445.48,444.02,29.09,68.67
HITECH,24.94,22.43,41.56,64.81
JTLIND,61.43,61.4,21.56,64.43
PRAKASH,31.53,30.57,25.67,69.49
WELCORP,108.9,108.89,20.03,60.36
SURYAROSNI,37.99,37.25,21.41,64.16
MAHSEAMLES,82.33,82.1,37.71,68.67
GOODLUCK,102.1,101.91,31.89,65.45
JINDALSAW,22.05,21.67,28.62,68.16
APLAPOLLO,56.45,56.35,40.41,67.83
MANINDS,67.65,67.55,29.39,57.5
RATNAMANI,392.59,364.8,34.94,52.38
HARIOMPIPE,298.27,287.36,20.98,68.25
BHARATWIRE,47.95,46.05,36.05,65.1
USHAMART,10.13,9.99,37.65,65.68
MOIL,106.48,106.37,24.33,59.04
SANDUMA,400.81,346.34,51.26,69.16
ASHAPURMIN,79.44,73.44,41.59,69.32
ORISSAMINE,2400.24,1785.74,53.6,69.13
GMDCLTD,68.3,68.22,30.07,60.29
NMDC,10.68,10.63,23.22,66.46
COALINDIA,384.48,291.29,62.71,64.75
ASIANENE,75.35,75.27,26.98,56.85
JINDRILL,133.11,133.08,23.5,54.43
DOLPHIN,299.46,248.32,82.6,69.88
DEEPINDS,66.37,66.03,48.18,65.5
PRABHA,226.79,225.07,33.08,69.53
OIL,111.8,110.27,20.2,67.11
ONGC,139.84,137.72,20.43,61.26
HINDOILEXP,31.74,31.21,20.81,65.18
SELAN,250.51,218.99,43.31,66.34
IGIL,380.82,380.08,21.85,63.26
MMTC,25.43,25.39,36.16,59.3
3MINDIA,10009.11,7523.27,70.5,64.58
BALMLAWRIE,98.91,98.9,33.31,56.78
POLYPLEX,218.15,212.35,22.41,66.44
ESTER,87.55,87.54,37.03,62.69
JINDALPOLY,348.84,288.07,68.27,54.08
COSMOFIRST,152.47,151.42,39.67,63.66
UFLEX,174.56,167.04,40.68,66.58
XPROINDIA,30.32,29.46,20.51,67.89
EPL,76.58,76.53,25.97,67.46
HUHTAMAKI,238.42,231.72,32.06,55.58
AGI,266.45,240.34,52.51,66.95
TCPLPACK,680.24,679.77,20.66,62.24
MOLDTKPAC,134.7,134.62,23.92,57.94
SESHAPAPER,46.39,46.04,37.65,67.03
WSTCSTPAPR,67.64,67.63,30.73,66.71
KUANTUM,39.28,39.24,26.14,59.96
ANDHRAPAP,54.91,53.22,24.84,68.72
ABREL,598.03,404.68,61.43,67.76
TNPL,253.18,250.7,36.49,69.95
PDMJEPAPER,18.83,17.19,48.36,67.45
JKPAPER,43.79,43.67,37.13,64.6
PANAMAPET,39.7,39.62,20.82,62.28
VEEDOL,697.7,574.47,50.77,68.12
CASTROLIND,195.6,195.26,25.8,68.07
GULFOILLUB,449.28,360.76,61.54,63.83
SOTL,99.24,99.0,33.84,58.31
BAJEL,229.09,222.58,27.59,68.57
QPOWER,289.31,246.16,49.26,67.72
TARIL,12.31,12.19,44.72,65.78
GEPIL,791.93,701.56,50.29,65.46
APARINDS,319.66,295.09,42.82,69.5
BBL,416.67,416.06,24.98,55.39
SALZERELEC,232.15,225.74,39.03,64.46
SCHNEIDER,139.68,139.46,20.56,68.4
TDPOWERSYS,44.97,44.94,35.07,60.41
VOLTAMP,684.98,601.37,46.02,67.04
INOXWIND,53.81,52.64,20.15,61.9
THERMAX,980.68,753.39,65.97,68.13
INDOTECH,208.91,206.11,41.58,66.54
ABB,852.68,849.66,20.1,60.43
TRITURBINE,103.61,102.49,29.44,64.56
CGPOWER,188.44,188.19,26.04,58.02
POWERINDIA,755.29,715.8,38.23,69.08
BHEL,86.48,84.57,20.18,68.49
GVT&D,511.95,409.73,58.8,63.98
SIEMENS,1067.8,1067.07,25.82,66.61
SKIPPER,142.58,141.6,24.91,65.94
NHPC,21.53,21.17,20.4,68.25
GIPCL,84.42,84.13,25.27,59.7
ADANIPOWER,30.4,30.39,28.33,63.82
NLCINDIA,69.54,69.52,25.64,56.54
RPOWER,51.28,51.08,32.76,67.46
SJVN,27.49,27.48,27.6,56.35
NTPC,107.76,103.47,20.48,64.9
JSWENERGY,71.16,70.0,20.77,69.16
SWSOLAR,553.61,527.66,21.52,64.48
KPEL,567.61,466.01,64.87,69.22
ACMESOLAR,214.6,211.78,20.5,68.23
NTPCGREEN,107.11,105.75,20.68,62.84
WAAREERTL,810.94,533.52,57.04,69.94
KPIGREEN,43.91,42.69,49.95,69.36
ADANIGREEN,40.04,38.34,37.01,67.65
RELTD,122.66,122.4,21.34,62.03
KIRLOSIND,651.7,504.42,73.47,60.42
INOXGREEN,63.69,61.75,48.64,69.13
SUZLON,13.95,13.82,21.34,60.48
WAAREEENER,2341.59,1429.29,56.45,68.72
PREMIERENE,1262.23,1261.99,27.94,60.05
BORORENEW,52.5,51.79,40.51,65.63
WEBELSOLAR,33.0,32.91,36.2,69.5
RELINFRA,415.68,410.16,42.85,69.41
TORNTPOWER,180.07,179.56,26.34,68.89
TATAPOWER,62.44,62.26,26.85,67.85
CESC,44.34,42.75,36.49,66.67
PTC,65.24,64.87,27.24,59.73
NAVA,41.4,41.36,31.63,57.61
ADANIENSOL,31.96,31.92,27.98,67.37
POWERGRID,76.14,75.45,25.45,65.83
QUADFUTURE,408.69,351.29,41.8,69.38
RAMRAT,177.55,170.69,32.55,67.92
PARACABLES,2.67,2.65,21.97,62.35
RRKABEL,1258.25,886.33,65.9,68.5
FINCABLES,242.15,239.86,29.35,67.45
UNIVCABLES,75.33,74.49,51.05,63.69
DYCL,183.4,182.27,22.86,67.35
KEI,115.06,114.59,25.35,66.41
HPL,129.71,129.49,22.8,58.54
POLYCAB,572.05,532.31,44.38,68.02
DIACABS,94.53,84.17,87.33,69.97
IRCON,36.34,36.27,26.35,62.87
TEXINFRA,37.88,37.86,28.82,55.92
JWL,22.33,21.81,36.8,67.06
HBLENGINE,41.21,37.95,37.52,60.93
RVNL,24.44,24.42,39.18,63.73
IRFC,23.82,23.74,41.68,62.68
KERNEX,48.67,46.44,25.06,63.99
RITES,99.7,99.34,32.12,68.98
RAILTEL,142.1,141.87,27.29,58.62
KEC,149.76,149.66,27.47,58.48
TEXRAIL,129.96,129.86,22.52,63.54
TITAGARH,129.07,119.84,33.41,63.37
AGIIL,866.29,766.15,57.69,64.74
ARKADE,171.91,165.86,25.76,67.7
ANANTRAJ,23.77,23.5,34.97,56.42
ARVSMART,101.57,100.39,36.71,64.81
SIGNATURE,1285.04,1145.46,58.74,66.96
KOLTEPATIL,114.45,114.32,22.41,62.73
PRESTIGE,171.85,169.65,20.4,51.1
LODHA,467.82,452.43,26.18,65.45
HUBTOWN,97.34,95.27,30.57,64.64
ASHIANA,229.61,213.56,39.4,54.8
OBEROIRLTY,255.23,255.13,28.4,52.71
MAHLIFE,148.17,147.88,37.46,59.91
SURAJEST,347.02,345.88,24.47,55.32
OMAXE,137.68,136.45,29.95,67.92
GODREJPROP,245.74,195.34,66.82,69.04
EMBDL,90.55,77.85,47.06,66.63
TARC,29.54,29.52,21.76,53.92
SOBHA,326.44,266.69,49.93,64.72
RUSTOMJEE,486.36,478.72,40.17,67.09
SUNTECK,119.97,119.81,26.13,65.35
PHOENIXLTD,151.84,150.3,31.59,63.93
DBREALTY,46.9,46.55,20.6,65.59
BRIGADE,105.68,104.54,21.45,60.29
MAXESTATES,310.03,300.45,28.95,68.47
SHRIRAMPPS,71.05,70.59,30.55,68.72
PURVA,50.09,50.05,28.05,57.46
SWANENERGY,63.8,61.8,65.94,64.47
AJMERA,130.0,129.59,26.41,64.23
HEMIPROP,162.64,161.93,41.71,62.68
NESCO,276.53,231.09,56.71,69.43
ARIHANTSUP,166.65,166.54,33.33,63.26
MARATHON,112.82,111.68,27.88,68.94
DLF,101.35,101.03,34.39,62.3
GANESHHOUC,83.32,83.26,32.33,61.31
RAYMOND,401.91,400.62,21.45,62.25
LGHL,135.35,103.73,88.57,69.29
HINDPETRO,115.76,115.67,28.87,61.8
IOC,58.29,58.24,29.68,64.08
GANDHAR,255.42,208.18,51.04,64.59
CHENNPETRO,172.18,167.71,20.13,63.18
MRPL,61.71,61.44,23.99,67.91
RELIANCE,225.46,193.67,54.91,66.97
BPCL,131.19,130.54,31.66,64.11
RPSGVENT,354.77,329.76,31.17,65.65
HGS,246.74,246.66,41.39,68.09
FSL,34.86,34.72,25.49,68.77
ONEPOINT,2.78,2.6,47.98,65.02
ALLDIGI,46.52,45.52,21.2,67.48
EXICOM,348.36,342.15,28.63,69.72
ITI,30.28,30.25,34.75,62.1
TEJASNET,307.56,303.37,22.03,54.45
OPTIEMUS,242.87,193.04,65.51,66.64
NELCO,93.78,89.03,54.2,66.17
STLTECH,83.53,83.35,22.72,69.94
SUYOG,1436.95,986.51,66.94,69.66
HFCL,13.35,13.32,29.42,60.31
INDUSTOWER,369.3,257.22,57.8,68.68
VINDHYATEL,760.99,610.9,53.38,69.88
BHARTIHEXA,1114.8,1112.45,22.01,58.91
BHARTIARTL,320.43,317.79,20.76,66.7
TTML,6.79,6.77,24.53,64.19
TATACOMM,398.18,276.71,63.09,69.75
MTNL,18.42,18.36,40.54,60.55
GOKEX,56.97,51.9,45.34,68.56
KITEX,111.55,109.91,21.46,57.09
PGIL,107.1,106.97,34.12,62.09
SPAL,360.67,360.0,35.88,69.83
PDSL,34.86,34.64,20.92,61.31
STYLEBAAZA,259.24,256.52,28.67,63.15
RAYMONDLSL,2084.71,1457.55,43.5,67.53
KALAMANDIR,172.91,172.86,21.06,65.32
MUFTI,244.11,200.5,55.23,69.57
ABFRL,167.44,159.83,24.99,67.47
KKCL,412.95,335.38,56.32,69.42
CANTABIL,14.95,14.93,26.87,56.98
MONTECARLO,440.78,440.54,21.41,62.59
MANYAVAR,736.21,668.95,27.85,64.88
ARVINDFASN,793.2,788.87,27.49,69.83
GOCOLORS,1001.3,785.73,49.18,53.94
PAGEIND,13655.66,10386.56,45.88,63.72
LUXIND,637.88,637.39,28.33,62.49
RUPA,280.72,276.77,39.43,65.87
DOLLAR,313.56,273.62,47.84,67.42
SANATHAN,388.4,366.29,25.87,68.71
KPRMILL,84.18,84.09,25.9,62.56
ARVIND,248.96,248.36,21.18,68.88
JINDWORLD,3.1,3.09,29.67,64.48
NAHARSPING,101.96,84.55,52.82,67.64
GANECOS,130.95,129.1,31.24,67.99
SIYSIL,220.19,220.13,44.05,66.0
CENTENKA,169.74,169.49,25.68,66.53
WELSPUNLIV,86.18,85.97,30.64,68.63
HIMATSEIDE,139.16,133.8,28.71,69.66
SPORTKING,68.47,68.08,20.01,54.72
NITINSPIN,64.45,64.39,20.97,56.35
ICIL,190.59,189.81,20.83,60.62
VTL,160.1,159.91,22.9,64.5
AYMSYNTEX,139.95,139.46,30.41,65.09
SANGAMIND,215.56,214.94,26.92,63.74
FILATEX,5.2,4.71,48.71,67.4
BOMDYEING,66.9,58.92,42.87,69.83
FAZE3Q,251.66,207.21,49.35,68.87
GARFIBRES,80.03,79.11,20.31,65.1
SNOWMAN,58.31,58.22,22.26,68.51
ICEMAKE,103.99,86.29,58.13,64.75
WCIL,100.18,93.5,46.63,69.43
MAHLOG,428.79,352.48,56.95,67.11
TVSSCS,175.9,174.52,20.11,58.73
ACLGATI,168.5,152.05,44.09,68.21
GATEWAY,68.58,67.19,20.8,61.95
BLUEDART,6809.36,5322.26,62.92,53.6
CONCOR,326.34,319.92,20.93,69.29
TCI,284.03,283.1,20.3,58.44
NAVKARCORP,180.03,179.61,28.62,61.48
DELHIVERY,410.48,280.8,64.56,69.95
VRLLOG,350.89,345.39,26.14,52.19
TCIEXP,359.79,346.12,38.33,69.36
INDIGO,918.11,830.41,45.76,68.89
RIIL,449.37,429.8,54.06,55.58
GESHIP,320.43,320.21,24.92,56.61
SCI,41.2,41.16,21.6,58.47
SEAMECLTD,83.04,82.9,30.52,69.23
MGL,624.43,623.71,22.3,64.27
IRMENERGY,526.07,524.61,33.76,60.06
ATGL,108.99,108.8,25.86,68.75
PETRONET,109.07,107.31,44.84,65.3
IGL,53.55,52.29,42.56,69.22
GUJGASLTD,119.11,118.75,33.31,64.01
AEGISLOG,102.29,102.07,33.61,65.53
CONFIPET,19.86,19.68,26.48,65.45
GSPL,120.61,100.19,60.93,68.69
GAIL,59.9,59.84,29.99,66.22
CEWATER,557.88,391.45,43.89,68.7
EMSLIMITED,389.16,389.12,34.88,67.06
EIEL,224.48,223.55,27.51,60.66
WABAG,718.29,580.52,52.76,65.56
IONEXCHANG,203.64,197.46,32.09,62.59
