Symbol,28-Apr,05-May,12-May,19-May,26-May,02-Jun,09-Jun,16-Jun,23-Jun,30-Jun,CMF_52D_High
360ONE,-0.25,-0.22,-0.17,-0.11,-0.26,-0.2,-0.03,-0.08,-0.03,0.2,0.2
5PAISA,-0.25,-0.25,-0.23,-0.14,-0.21,-0.08,-0.06,-0.13,-0.09,0.04,0.04
63MOONS,-0.17,-0.15,-0.11,-0.26,-0.28,-0.34,-0.1,-0.2,0.02,0.04,0.04
AADHARHFC,0.15,0.08,0.04,0.09,0.29,0.2,0.12,-0.06,-0.05,0.1,0.29
AARTIDRUGS,-0.15,0.3,0.28,0.28,0.19,0.22,0.21,0.18,0.17,0.22,0.3
AARTIPHARM,0.04,0.16,0.16,0.23,0.28,0.24,0.42,0.24,0.18,0.18,0.42
ABB,0.01,0.17,0.19,0.29,0.2,0.18,0.25,0.16,0.09,0.12,0.29
ABBOTINDIA,0.15,-0.08,-0.11,-0.1,-0.17,-0.06,-0.0,-0.03,0.03,0.12,0.15
ABCAPITAL,0.38,0.32,0.38,0.4,0.34,0.39,0.25,0.33,0.28,0.3,0.45
ABDL,0.08,0.18,0.14,0.16,0.11,0.27,0.2,0.14,0.0,0.02,0.27
ABREL,0.08,0.06,0.05,0.14,-0.07,0.08,0.22,0.18,0.19,0.22,0.22
ABSLAMC,0.06,0.11,0.23,0.25,0.23,0.27,0.15,0.12,0.12,0.21,0.27
ACMESOLAR,-0.1,-0.09,-0.2,-0.08,0.02,0.04,0.09,0.06,0.09,0.15,0.15
ADANIPORTS,0.11,-0.0,-0.02,0.05,0.01,0.1,0.07,-0.05,0.01,0.06,0.11
ADOR,-0.07,-0.07,-0.05,-0.05,-0.16,0.02,-0.04,-0.14,-0.06,0.09,0.09
AEGISVOPAK,,,,,,0.09,0.08,0.08,0.18,0.15,0.18
AEROFLEX,-0.12,-0.07,-0.2,-0.17,-0.32,-0.25,-0.22,0.38,0.41,0.36,0.41
AFFLE,0.17,0.19,0.2,0.22,0.15,0.25,0.34,0.18,0.18,0.19,0.34
AGARWALEYE,0.04,0.12,0.15,0.07,-0.22,-0.07,0.01,0.04,0.05,0.13,0.15
AGIIL,-0.02,-0.18,-0.14,-0.08,-0.16,0.03,-0.01,-0.01,0.1,0.13,0.13
AIIL,0.03,0.03,0.36,0.36,0.53,0.52,0.51,0.56,0.48,0.61,0.61
AJMERA,0.04,0.02,-0.0,0.01,-0.02,0.28,0.23,0.17,0.14,0.17,0.28
AKZOINDIA,0.18,0.25,0.26,0.21,0.08,-0.03,-0.04,-0.23,0.23,0.15,0.26
ALICON,-0.18,-0.13,-0.09,0.22,0.15,0.3,0.24,0.22,0.21,0.26,0.3
ALKYLAMINE,-0.18,-0.22,-0.23,-0.14,-0.12,0.19,0.18,0.24,0.25,0.27,0.27
AMRUTANJAN,0.15,0.22,0.17,0.21,0.09,-0.03,-0.03,-0.0,0.06,0.02,0.22
ANANDRATHI,-0.2,-0.11,0.19,0.41,0.19,0.17,0.2,0.04,0.06,0.03,0.41
ANANTRAJ,-0.16,-0.15,-0.12,-0.13,-0.06,0.06,0.08,-0.04,-0.03,0.1,0.1
ANDHRAPAP,-0.16,-0.13,-0.12,0.0,-0.18,-0.05,0.09,0.02,0.03,0.19,0.19
ANDHRSUGAR,-0.2,-0.19,-0.19,-0.11,-0.25,0.0,-0.06,-0.1,0.08,0.11,0.11
ANGELONE,-0.08,-0.06,0.01,0.2,0.08,0.17,0.19,0.13,0.06,0.24,0.24
ANURAS,0.34,0.3,0.21,0.18,0.29,0.32,0.33,0.46,0.4,0.33,0.46
APARINDS,0.05,0.15,0.21,0.29,0.21,0.38,0.44,0.41,0.41,0.37,0.44
APCOTEXIND,0.18,0.16,0.19,0.35,0.31,0.11,0.06,0.06,0.09,0.16,0.35
APOLLO,-0.03,0.16,0.25,0.16,0.36,0.41,0.42,0.41,0.32,0.33,0.42
APOLLOHOSP,0.19,0.2,0.21,0.29,0.1,0.07,0.08,0.04,0.04,0.24,0.29
APOLLOTYRE,0.27,0.22,0.14,0.22,0.08,0.17,0.19,0.07,0.03,0.08,0.27
ARKADE,-0.2,-0.23,-0.2,-0.09,-0.1,0.02,-0.01,-0.07,-0.09,0.06,0.06
ARMANFIN,0.18,0.14,0.13,0.19,-0.03,0.1,0.19,0.16,0.1,0.1,0.27
ASAHIINDIA,0.04,0.09,0.09,0.07,0.04,0.07,0.06,-0.42,-0.31,0.13,0.13
ASHAPURMIN,-0.23,-0.18,0.04,0.14,0.17,0.31,0.25,0.28,0.31,0.39,0.39
ASHIANA,-0.5,-0.41,-0.31,-0.21,-0.12,0.03,0.12,0.12,0.2,0.29,0.29
ASHOKA,-0.15,-0.09,-0.18,0.03,-0.08,0.03,0.01,-0.05,0.02,0.09,0.09
ASIANENE,-0.01,-0.04,0.07,0.19,0.08,0.13,0.18,0.12,0.04,0.06,0.19
ASKAUTOLTD,-0.17,0.07,-0.14,-0.12,-0.18,-0.08,-0.03,0.08,0.22,0.2,0.22
ASTEC,-0.16,-0.16,-0.15,-0.09,-0.21,0.08,-0.04,-0.13,0.24,0.27,0.27
ASTERDM,0.43,0.43,0.41,0.28,0.27,0.17,0.17,-0.05,-0.03,0.13,0.43
ASTRAL,-0.15,-0.12,-0.08,0.24,0.17,0.25,0.25,0.31,0.23,0.24,0.31
ASTRAMICRO,0.23,0.36,0.49,0.37,0.22,0.21,0.2,0.16,0.07,0.1,0.49
ASTRAZEN,0.05,0.03,-0.08,-0.04,-0.21,0.45,0.51,0.39,0.41,0.43,0.51
ATUL,0.42,0.47,0.41,0.47,0.45,0.46,0.46,0.28,0.41,0.29,0.47
AURUM,-0.07,-0.08,-0.02,0.04,0.1,0.1,0.22,0.06,0.07,0.07,0.22
AUTOAXLES,-0.03,-0.0,-0.0,0.18,0.11,0.25,0.18,0.1,0.11,0.12,0.25
AWHCL,-0.22,-0.18,-0.04,0.03,-0.05,-0.04,-0.03,-0.06,0.04,0.13,0.13
AXISCADES,0.02,0.0,-0.11,0.11,0.07,0.08,0.18,0.23,0.27,0.23,0.27
AYMSYNTEX,0.19,0.22,0.24,0.24,0.09,0.08,0.14,0.24,0.05,0.22,0.36
BAJAJCON,-0.22,-0.4,-0.4,-0.35,-0.44,-0.38,-0.37,-0.45,0.2,0.24,0.24
BAJAJELEC,-0.2,-0.17,0.31,0.32,0.29,0.36,0.37,0.41,0.43,0.48,0.48
BAJAJINDEF,-0.13,-0.14,-0.26,-0.21,-0.16,0.56,0.65,0.49,0.55,0.62,0.65
BALAJITELE,0.06,0.09,0.1,0.25,0.15,0.09,-0.01,-0.05,-0.17,0.11,0.35
BALAMINES,-0.23,-0.18,-0.16,-0.05,-0.12,0.16,0.18,-0.01,0.52,0.52,0.52
BALKRISIND,0.01,0.07,0.02,0.01,0.09,0.18,0.21,0.12,0.14,0.21,0.21
BANCOINDIA,0.09,0.07,0.04,0.19,0.21,0.22,0.24,0.19,0.19,0.26,0.26
BARBEQUE,0.16,0.14,0.12,0.09,0.04,0.09,0.15,0.12,0.07,0.13,0.16
BASF,-0.25,-0.24,-0.27,0.1,0.08,0.08,0.07,0.02,0.06,0.07,0.1
BAYERCROP,-0.06,-0.03,0.02,-0.02,0.3,0.34,0.35,0.32,0.37,0.41,0.41
BBOX,-0.15,-0.09,-0.09,-0.1,0.03,0.1,0.13,0.09,0.09,0.14,0.14
BDL,0.17,0.22,0.28,0.34,0.32,0.27,0.23,0.22,0.22,0.23,0.34
BEL,0.16,0.22,0.27,0.34,0.28,0.29,0.38,0.42,0.35,0.38,0.42
BELRISE,,,,,0.26,0.26,0.14,0.0,0.06,0.02,0.26
BEML,0.23,0.26,0.35,0.36,0.38,0.32,0.35,0.38,0.22,0.24,0.38
BERGEPAINT,-0.07,0.0,0.02,0.01,0.03,0.13,0.11,-0.06,0.03,0.23,0.23
BHARATFORG,0.02,0.17,0.24,0.27,0.15,0.26,0.35,0.23,0.23,0.27,0.35
BHARATWIRE,0.34,0.34,0.21,0.21,-0.02,0.29,0.22,0.06,0.1,0.1,0.43
BHARTIHEXA,0.12,0.07,0.0,0.05,0.17,0.01,-0.01,-0.07,-0.05,0.01,0.17
BHEL,0.09,0.13,0.15,0.24,0.13,0.11,0.11,0.07,0.06,0.05,0.24
BIKAJI,0.09,0.09,0.06,0.0,0.04,0.09,0.1,-0.01,0.08,0.07,0.32
BIOCON,-0.11,-0.1,-0.12,-0.13,-0.16,-0.17,0.06,0.02,0.14,0.28,0.28
BIRLACORPN,-0.0,0.04,0.2,0.24,0.11,0.27,0.26,0.16,0.23,0.29,0.29
BIRLAMONEY,0.01,0.09,-0.05,0.05,0.26,0.29,0.15,0.06,0.19,0.17,0.29
BIRLANU,0.07,0.08,0.02,0.14,0.11,0.19,0.21,0.16,0.21,0.29,0.29
BLISSGVS,-0.25,-0.21,-0.2,-0.04,-0.13,0.04,0.09,0.02,0.18,0.25,0.25
BLKASHYAP,0.26,0.28,0.29,0.38,0.25,0.31,0.28,0.12,0.07,0.1,0.38
BLSE,-0.05,-0.04,0.16,0.26,0.18,0.25,0.19,0.16,0.13,0.17,0.26
BLUEDART,-0.24,-0.17,-0.15,-0.12,-0.25,-0.07,-0.07,-0.17,-0.12,0.26,0.26
BLUEJET,0.11,0.14,0.15,0.12,0.21,0.2,0.31,0.26,0.19,0.29,0.31
BLUSPRING,,,,,,,-0.02,-0.01,0.15,0.28,0.28
BOMDYEING,-0.07,-0.04,-0.06,0.11,0.05,0.13,0.07,-0.01,0.06,0.08,0.13
BOROSCI,-0.12,-0.08,-0.07,0.0,-0.16,-0.15,-0.17,-0.28,0.26,0.24,0.26
BOSCHLTD,0.12,0.16,0.16,0.28,0.1,0.06,0.15,0.19,0.23,0.32,0.32
BPCL,0.08,0.09,0.1,0.13,0.07,0.13,0.17,0.03,0.12,0.17,0.17
BRITANNIA,0.2,0.28,0.22,0.25,0.23,0.12,0.11,0.01,0.04,0.11,0.28
BSE,0.1,0.15,0.29,0.34,0.32,0.22,0.22,0.18,0.17,0.21,0.34
CAMLINFINE,0.06,0.24,0.18,0.13,0.24,0.31,0.37,0.28,0.31,0.36,0.37
CAMPUS,-0.23,-0.19,-0.25,-0.09,0.15,0.37,0.27,0.26,0.2,0.23,0.37
CAMS,0.17,0.08,0.07,-0.01,-0.16,0.03,-0.02,-0.01,0.04,0.07,0.23
CANBK,-0.1,0.09,0.16,0.15,0.19,0.2,0.18,0.11,0.09,0.22,0.22
CANFINHOME,0.13,0.2,0.15,0.17,0.14,0.16,0.16,0.07,0.0,0.08,0.2
CANTABIL,-0.26,-0.18,-0.32,-0.32,-0.31,-0.1,-0.15,-0.12,-0.08,0.01,0.01
CAPLIPOINT,0.23,0.28,0.2,0.26,0.16,0.11,0.21,0.09,0.03,0.06,0.28
CARERATING,0.1,0.21,0.34,0.51,0.54,0.51,0.42,0.33,0.29,0.29,0.54
CARRARO,0.16,0.16,0.16,0.18,0.14,0.27,0.3,0.3,0.26,0.08,0.3
CARYSIL,0.14,0.15,0.12,0.09,0.1,0.15,0.24,0.16,0.17,0.28,0.28
CCL,0.02,0.21,0.22,0.2,0.26,0.23,0.23,0.21,0.23,0.25,0.26
CDSL,0.14,0.12,0.16,0.25,0.18,0.3,0.26,0.25,0.25,0.27,0.3
CEATLTD,0.47,0.6,0.53,0.44,0.42,0.47,0.42,0.36,0.36,0.37,0.6
CENTENKA,-0.16,-0.24,-0.07,0.03,-0.08,-0.08,-0.03,-0.02,-0.05,0.01,0.03
CENTUM,0.12,0.13,0.27,0.31,0.28,0.22,0.24,0.17,0.19,0.21,0.31
CENTURYPLY,-0.17,0.09,-0.0,0.18,-0.05,0.02,0.23,0.12,0.13,0.04,0.23
CERA,-0.11,0.34,0.33,0.32,0.22,0.29,0.31,0.22,0.25,0.26,0.34
CIGNITITEC,0.1,0.09,0.11,0.13,0.11,0.16,0.24,0.24,0.26,0.23,0.26
CLEAN,-0.2,-0.14,-0.17,0.14,0.19,0.22,0.22,0.14,0.2,0.32,0.32
CLSEL,0.02,0.04,0.12,0.29,0.15,0.25,0.2,0.11,0.31,0.15,0.31
CMSINFO,0.14,-0.08,-0.0,0.1,0.07,0.05,0.09,0.04,0.08,0.13,0.21
COCHINSHIP,-0.16,-0.15,0.34,0.18,0.16,0.27,0.21,0.2,0.15,0.16,0.34
COFORGE,0.12,0.13,0.15,0.18,0.14,0.12,0.24,0.3,0.26,0.17,0.3
CONCOR,-0.15,-0.1,0.15,0.03,0.15,0.29,0.28,0.25,0.26,0.28,0.29
CONCORDBIO,0.06,0.39,0.24,0.26,0.38,0.44,0.49,0.3,0.31,0.32,0.49
COSMOFIRST,-0.15,-0.1,-0.13,0.52,0.6,0.55,0.55,0.52,0.42,0.44,0.6
CRAFTSMAN,0.29,0.33,0.23,0.26,0.22,0.23,0.21,0.12,0.17,0.22,0.33
CRISIL,-0.17,-0.07,-0.11,-0.11,0.01,0.09,-0.12,0.04,0.05,0.12,0.12
CROMPTON,-0.26,-0.22,-0.06,-0.04,-0.15,-0.1,-0.08,-0.11,-0.01,0.05,0.05
CUB,0.27,0.27,0.28,0.35,0.32,0.32,0.25,0.14,0.15,0.16,0.35
CUMMINSIND,-0.01,-0.1,-0.01,-0.1,0.17,0.21,0.24,0.17,0.17,0.16,0.24
CUPID,0.22,0.27,0.32,0.41,0.43,0.43,0.39,0.42,0.4,0.41,0.43
CYIENT,-0.28,-0.22,-0.18,-0.08,-0.16,-0.12,-0.08,-0.13,-0.13,0.03,0.03
DALBHARAT,0.15,0.09,0.16,0.26,0.13,0.17,0.12,0.04,0.11,0.01,0.26
DAMCAPITAL,-0.03,-0.0,0.04,0.23,0.09,0.2,0.23,0.17,0.15,0.2,0.23
DBCORP,-0.08,0.06,-0.04,0.04,-0.01,0.1,0.12,0.06,0.05,0.07,0.12
DBREALTY,0.28,0.28,0.25,0.35,0.16,0.31,0.38,0.17,0.21,0.25,0.38
DCAL,-0.01,0.02,0.02,0.39,0.33,0.29,0.29,0.21,0.21,0.26,0.39
DCBBANK,0.14,0.18,0.17,0.19,0.19,0.3,0.25,0.23,0.22,0.18,0.3
DCMSHRIRAM,-0.03,-0.36,-0.43,-0.43,-0.42,-0.45,-0.35,-0.28,-0.28,0.27,0.27
DECCANCE,-0.32,-0.07,-0.23,-0.14,-0.39,-0.31,-0.23,-0.33,0.23,0.19,0.23
DEEDEV,0.02,-0.01,-0.08,-0.14,0.08,0.08,0.07,0.24,0.27,0.23,0.27
DEEPAKFERT,0.21,0.32,0.18,0.11,0.16,0.26,0.21,0.1,0.09,0.13,0.32
DELHIVERY,0.04,0.07,0.09,0.15,0.08,0.12,0.11,0.32,0.25,0.15,0.32
DHAMPURSUG,-0.14,-0.15,-0.02,0.09,0.04,0.23,0.33,0.27,0.25,0.32,0.33
DHANI,-0.22,-0.22,-0.21,-0.13,-0.23,-0.13,0.22,0.03,0.02,0.1,0.22
DHANUKA,-0.35,-0.35,-0.01,0.11,0.01,0.19,0.21,0.14,0.16,0.21,0.21
DIACABS,-0.44,-0.46,-0.46,-0.55,-0.19,-0.65,-0.53,-0.31,0.05,0.13,0.13
DIFFNKG,-0.05,0.12,0.14,0.26,0.05,0.24,0.12,0.15,0.11,0.03,0.26
DIVGIITTS,-0.18,-0.25,-0.16,-0.0,-0.17,0.32,0.35,0.29,0.27,0.27,0.35
DIVISLAB,0.04,0.07,0.14,0.08,0.0,0.0,0.03,-0.04,0.04,0.11,0.14
DLF,-0.02,-0.04,-0.01,0.18,0.22,0.4,0.43,0.37,0.29,0.33,0.43
DLINKINDIA,-0.04,-0.08,-0.15,-0.19,-0.27,-0.18,-0.04,-0.03,-0.01,0.06,0.06
DMART,0.06,0.13,0.11,0.04,-0.03,-0.02,-0.03,0.03,0.01,0.09,0.19
DODLA,-0.02,-0.0,-0.01,0.17,0.07,0.16,0.15,-0.1,-0.02,0.02,0.17
DOLATALGO,-0.09,-0.07,-0.02,0.0,-0.14,0.05,0.07,0.02,0.03,0.05,0.07
DOLPHIN,0.93,0.81,0.73,0.82,0.77,0.76,0.06,-0.08,0.11,0.16,0.93
DPABHUSHAN,0.08,0.17,0.15,0.12,0.17,0.09,-0.0,-0.11,-0.13,0.01,0.17
DREDGECORP,-0.17,-0.18,0.02,0.04,0.12,0.13,0.11,0.09,0.1,0.13,0.13
DRREDDY,-0.16,-0.09,-0.02,-0.02,-0.06,0.15,0.31,0.25,0.13,0.22,0.31
DYCL,-0.09,0.01,0.41,0.35,0.32,0.35,0.36,0.38,0.29,0.34,0.41
ECLERX,0.06,0.13,0.49,0.55,0.56,0.59,0.58,0.55,0.53,0.53,0.59
ECOSMOBLTY,-0.12,-0.13,-0.11,0.3,0.25,0.32,0.3,0.28,0.31,0.3,0.32
EDELWEISS,-0.09,0.05,0.08,0.26,0.28,0.25,0.23,0.17,0.23,0.23,0.28
EICHERMOT,-0.03,0.01,-0.05,-0.09,-0.23,-0.11,-0.06,0.01,0.03,0.12,0.12
EIDPARRY,0.16,0.27,0.32,0.37,0.07,0.05,0.08,0.03,0.15,0.24,0.37
EIMCOELECO,-0.21,-0.15,-0.14,-0.05,0.01,0.17,0.08,0.05,-0.01,0.21,0.21
EKC,-0.17,-0.15,-0.16,0.02,-0.11,0.06,0.02,-0.05,0.01,0.05,0.06
ELECON,0.2,0.25,0.19,0.24,0.16,0.25,0.25,0.19,0.21,0.18,0.25
ELECTCAST,-0.14,-0.14,-0.09,-0.1,-0.22,-0.13,0.12,-0.02,0.02,0.05,0.12
ELGIEQUIP,0.12,0.12,0.13,0.13,0.1,0.13,0.12,-0.07,-0.01,0.02,0.13
EMBDL,0.01,0.04,0.0,0.09,0.0,0.06,0.1,0.1,0.09,0.11,0.11
ENDURANCE,-0.12,0.07,0.01,0.07,0.03,0.08,0.07,0.22,0.2,0.14,0.22
ENGINERSIN,0.03,0.08,0.08,0.05,0.18,0.19,0.11,0.09,0.13,0.13,0.19
EPL,-0.31,-0.02,0.13,0.19,0.21,0.24,0.38,0.31,0.33,0.34,0.38
ERIS,0.22,0.24,0.22,0.26,0.26,0.25,0.28,0.08,0.12,0.13,0.28
ETERNAL,-0.19,-0.2,-0.09,0.02,0.07,0.42,0.37,0.35,0.35,0.44,0.44
EUREKAFORB,0.04,0.14,0.29,0.31,0.29,0.22,0.19,0.19,0.14,0.24,0.31
EVEREADY,0.04,0.09,0.09,0.05,-0.01,0.03,0.09,0.07,-0.05,0.03,0.15
EXCELINDUS,0.35,0.32,0.38,0.34,0.3,0.29,0.18,0.1,0.08,0.15,0.38
EXPLEOSOL,-0.26,-0.23,-0.18,-0.03,-0.13,0.06,0.36,0.18,0.16,0.18,0.36
FACT,0.29,0.3,0.33,0.35,0.26,0.34,0.31,0.29,0.06,0.1,0.35
FAZE3Q,0.12,0.33,0.34,0.33,0.21,0.27,0.23,0.15,0.16,0.05,0.34
FCL,-0.09,0.0,-0.0,-0.08,-0.2,-0.04,-0.02,0.06,0.04,0.04,0.06
FEDERALBNK,-0.13,-0.1,-0.11,0.01,-0.06,-0.04,-0.12,-0.07,-0.11,0.03,0.07
FEDFINA,-0.19,-0.3,-0.24,-0.14,-0.15,0.07,0.25,0.22,0.1,0.15,0.25
FIEMIND,0.03,0.14,0.2,0.21,-0.0,0.38,0.41,0.33,0.29,0.3,0.41
FILATEX,-0.15,-0.15,-0.14,-0.08,0.04,0.01,-0.01,-0.03,-0.07,0.17,0.17
FINEORG,0.05,0.1,0.09,0.07,-0.05,0.19,0.17,0.05,-0.01,0.13,0.19
FIRSTCRY,-0.17,-0.14,-0.1,0.03,-0.04,0.49,0.39,0.27,0.34,0.32,0.49
FLAIR,0.13,0.26,0.24,0.27,-0.01,0.09,0.06,-0.01,-0.08,0.06,0.27
FMGOETZE,0.17,0.25,0.21,0.08,0.55,0.62,0.56,0.5,0.43,0.3,0.62
FORCEMOT,0.46,0.32,0.31,0.29,0.34,0.36,0.42,0.44,0.48,0.33,0.48
FORTIS,0.02,-0.02,0.06,0.16,0.07,0.14,0.16,0.11,0.18,0.24,0.24
FOSECOIND,-0.06,-0.04,0.23,0.32,0.28,0.3,0.28,0.22,0.19,0.29,0.32
GABRIEL,0.32,0.34,0.19,0.1,-0.15,-0.18,-0.18,-0.27,-0.15,0.08,0.37
GALAXYSURF,-0.26,-0.26,-0.23,-0.25,-0.19,0.03,0.08,0.17,0.15,0.17,0.17
GALLANTT,0.25,0.19,0.21,0.16,0.13,0.03,-0.1,0.12,0.0,0.11,0.38
GANDHAR,-0.15,-0.09,-0.18,-0.01,0.09,0.24,0.21,0.16,0.15,0.2,0.24
GICHSGFIN,-0.14,-0.12,-0.09,-0.02,-0.13,0.11,0.08,0.03,0.01,0.01,0.11
GILLETTE,-0.45,-0.21,-0.09,0.0,0.04,0.04,0.07,-0.02,0.07,0.05,0.07
GLAND,-0.29,-0.29,-0.3,-0.24,-0.24,-0.14,0.23,0.09,0.1,0.29,0.29
GLAXO,-0.22,-0.12,-0.29,-0.07,-0.0,0.04,0.02,-0.04,-0.01,0.17,0.17
GLENMARK,-0.07,-0.02,-0.02,-0.08,-0.0,0.07,0.19,0.14,0.22,0.37,0.37
GMDCLTD,0.18,0.19,0.25,0.27,0.2,0.33,0.34,0.26,0.18,0.14,0.34
GMRP&UI,0.02,0.08,0.1,0.13,-0.05,-0.15,-0.11,-0.22,-0.17,0.07,0.16
GOCLCORP,-0.13,-0.12,-0.13,-0.16,-0.33,-0.22,0.2,0.14,0.07,0.08,0.2
GOCOLORS,0.34,0.25,0.26,0.24,0.26,0.29,0.29,0.27,0.26,0.31,0.34
GODAVARIB,-0.03,-0.07,-0.2,-0.13,0.35,0.44,0.31,0.29,0.27,0.28,0.44
GODIGIT,-0.14,-0.17,-0.26,-0.03,0.1,0.25,0.25,0.29,0.3,0.27,0.3
GODREJAGRO,-0.34,-0.13,-0.14,-0.09,-0.1,0.05,0.07,0.01,0.08,0.13,0.13
GODREJIND,0.14,0.16,0.09,-0.11,-0.14,0.26,0.19,0.21,0.17,0.17,0.51
GODREJPROP,-0.0,-0.03,0.04,0.04,-0.03,0.15,0.18,0.2,0.18,0.13,0.2
GOKEX,-0.08,0.11,0.07,-0.06,-0.02,-0.02,0.01,-0.02,-0.01,0.01,0.11
GOODLUCK,0.03,-0.02,-0.0,0.01,-0.05,0.11,0.19,0.15,0.19,0.21,0.21
GRANULES,-0.06,0.01,0.03,0.09,0.0,0.06,0.06,-0.08,-0.07,0.04,0.09
GRINDWELL,0.01,-0.03,-0.09,-0.07,-0.08,-0.01,-0.05,-0.14,-0.13,0.03,0.03
GRMOVER,0.16,0.13,0.07,-0.02,-0.03,0.01,0.13,-0.01,0.09,0.21,0.34
GRPLTD,-0.04,-0.04,0.16,0.04,-0.01,0.02,-0.03,-0.12,0.1,0.08,0.16
GRSE,0.12,0.08,0.24,0.33,0.3,0.32,0.31,0.34,0.27,0.29,0.34
GRWRHITECH,-0.15,-0.08,0.0,0.06,0.06,0.06,0.45,0.3,0.3,0.27,0.45
GUJTHEM,0.05,0.08,0.2,0.14,0.14,0.13,0.12,0.06,0.08,0.09,0.2
GVT&D,0.17,0.31,0.32,0.41,0.33,0.31,0.35,0.32,0.23,0.24,0.41
HAL,0.15,0.19,0.3,0.3,0.19,0.14,0.2,0.14,0.11,0.17,0.3
HAPPYFORGE,-0.28,-0.28,-0.21,-0.02,0.07,0.17,0.15,0.08,0.08,0.31,0.31
HARIOMPIPE,-0.1,-0.03,-0.1,0.05,-0.07,0.16,0.02,-0.07,-0.05,0.08,0.16
HBLENGINE,-0.06,-0.05,0.06,0.08,0.09,0.11,0.27,0.18,0.18,0.36,0.36
HCLTECH,0.06,0.12,0.15,0.17,0.09,0.15,0.29,0.32,0.25,0.12,0.32
HDFCAMC,-0.03,0.0,0.1,0.16,0.06,0.25,0.21,0.18,0.18,0.19,0.25
HDFCBANK,0.34,0.15,0.22,0.22,0.21,0.2,0.11,0.11,0.14,0.2,0.36
HDFCLIFE,0.26,0.22,0.24,0.35,0.21,0.08,0.06,0.08,0.17,0.18,0.36
HEIDELBERG,-0.03,-0.02,0.02,0.16,-0.02,-0.06,-0.06,-0.07,0.04,0.23,0.23
HERANBA,-0.16,-0.07,-0.12,0.07,-0.17,0.07,0.02,-0.02,0.04,0.57,0.57
HERITGFOOD,-0.03,-0.0,0.02,-0.05,-0.18,0.16,0.16,0.08,0.13,0.12,0.16
HEROMOTOCO,-0.04,0.09,0.22,0.26,0.17,0.17,0.16,0.13,0.13,0.15,0.26
HEXT,-0.12,-0.09,0.01,0.09,0.25,0.31,0.36,0.38,0.37,0.26,0.38
HFCL,-0.23,-0.21,-0.11,0.0,-0.05,0.17,0.11,0.05,0.06,0.09,0.17
HINDALCO,0.02,0.01,-0.06,-0.03,-0.13,0.03,0.08,-0.0,0.12,0.09,0.13
HINDCOPPER,-0.31,-0.27,-0.3,-0.13,-0.19,-0.0,0.06,-0.04,0.06,0.11,0.11
HINDPETRO,0.1,0.04,0.03,0.14,0.01,0.01,-0.01,-0.15,0.02,0.05,0.15
HINDWAREAP,0.2,0.21,0.23,0.32,0.35,0.26,0.32,0.27,0.24,0.29,0.35
HITECHGEAR,0.11,0.14,0.22,0.31,0.25,0.25,0.45,0.28,0.26,0.36,0.45
HLEGLAS,0.14,0.17,0.16,0.54,0.43,0.46,0.39,0.33,0.28,0.25,0.54
HOMEFIRST,0.26,0.16,0.14,0.12,0.11,0.21,0.2,0.11,0.11,0.13,0.33
HONASA,0.04,0.06,0.03,0.53,0.45,0.49,0.46,0.39,0.4,0.44,0.53
HONAUT,0.12,0.04,0.1,0.08,0.16,0.08,0.09,-0.02,0.07,0.16,0.16
HONDAPOWER,-0.12,-0.13,-0.01,0.29,0.23,0.23,0.23,0.2,0.21,0.23,0.29
HPL,-0.06,-0.03,-0.02,0.3,0.24,0.25,0.18,0.14,0.14,0.23,0.3
HSCL,-0.19,-0.21,-0.18,-0.09,-0.18,-0.01,0.05,-0.11,0.19,0.19,0.19
HUBTOWN,-0.01,-0.02,-0.17,-0.11,-0.23,0.04,0.28,0.11,0.29,0.34,0.34
HYUNDAI,-0.06,0.05,0.07,0.13,-0.05,0.16,0.2,0.24,0.33,0.3,0.33
ICICIBANK,0.26,0.25,0.34,0.31,0.11,0.21,0.15,0.13,0.15,0.14,0.34
ICICIGI,0.04,0.05,-0.01,0.07,0.09,0.2,0.15,0.28,0.33,0.3,0.33
ICICIPRULI,-0.07,-0.04,0.01,0.11,0.06,0.12,0.16,0.17,0.09,0.09,0.17
ICIL,0.01,0.18,0.14,0.13,0.05,0.15,0.18,0.11,0.1,0.12,0.18
ICRA,-0.06,-0.09,-0.11,-0.11,-0.06,-0.02,0.13,0.1,0.1,0.15,0.15
IDBI,-0.08,-0.09,-0.08,0.11,0.13,0.19,0.09,0.02,0.12,0.06,0.19
IDEAFORGE,-0.07,0.44,0.53,0.44,0.42,0.46,0.49,0.42,0.25,0.24,0.53
IDFCFIRSTB,0.0,0.01,0.03,0.07,0.05,0.24,0.25,0.16,0.15,0.31,0.31
IFCI,-0.22,-0.2,0.03,0.31,0.29,0.23,0.19,0.18,0.21,0.2,0.31
IFGLEXPOR,-0.26,-0.17,0.05,0.12,0.09,0.17,0.15,0.12,0.16,0.28,0.28
IGARASHI,-0.29,-0.27,-0.25,-0.27,-0.29,-0.12,0.01,-0.13,-0.11,0.22,0.22
IGIL,-0.07,-0.06,0.14,0.13,0.02,-0.07,-0.07,-0.08,-0.14,0.1,0.14
IGL,0.0,0.01,-0.07,-0.08,-0.17,-0.18,-0.19,-0.1,-0.04,0.06,0.06
IIFL,0.2,0.34,0.29,0.33,0.3,0.44,0.31,0.27,0.17,0.1,0.44
IIFLCAPS,-0.21,-0.1,-0.02,0.03,0.04,0.22,0.24,0.09,0.11,0.22,0.24
IMFA,-0.26,-0.26,-0.24,-0.26,-0.32,0.09,0.1,0.04,0.11,0.09,0.11
IMPAL,-0.17,-0.16,-0.21,-0.2,-0.26,-0.03,-0.13,-0.16,0.04,0.06,0.06
INDIACEM,0.36,0.31,-0.02,0.05,-0.03,0.02,0.02,-0.1,0.04,0.06,0.36
INDIAGLYCO,0.09,0.12,0.31,0.37,0.44,0.37,0.4,0.32,0.34,0.36,0.44
INDIAMART,0.08,0.12,0.11,0.14,0.04,0.14,0.19,0.15,0.09,0.08,0.19
INDIGOPNTS,-0.15,-0.17,-0.21,-0.12,-0.02,0.12,0.06,0.07,0.11,0.22,0.22
INDNIPPON,-0.14,-0.1,-0.09,-0.02,-0.08,-0.11,0.13,-0.0,0.06,0.15,0.15
INDOCO,0.06,0.17,-0.1,-0.15,-0.21,-0.02,-0.08,-0.07,-0.03,0.12,0.17
INDOSTAR,0.04,0.06,0.09,0.03,0.0,0.06,0.02,0.1,0.12,0.14,0.17
INDOTHAI,0.13,-0.05,-0.04,-0.08,0.14,0.22,0.13,0.19,0.15,0.12,0.22
INDRAMEDCO,-0.07,-0.05,0.13,0.09,-0.04,-0.0,-0.05,-0.17,-0.06,0.35,0.35
INDUSINDBK,-0.16,-0.15,-0.14,0.16,0.22,0.32,0.29,0.28,0.2,0.13,0.32
INFY,-0.19,-0.13,-0.06,0.03,-0.04,0.08,0.18,0.13,0.13,0.05,0.18
INOXGREEN,0.03,0.0,0.03,0.23,0.17,0.17,0.19,0.12,0.1,0.18,0.23
INOXINDIA,-0.03,0.18,0.11,0.18,0.02,0.17,0.18,0.11,0.17,0.2,0.2
INSECTICID,0.01,-0.0,-0.03,0.01,0.05,0.06,0.14,0.13,0.14,0.25,0.25
INTELLECT,0.09,0.15,0.35,0.39,0.43,0.41,0.4,0.27,0.25,0.31,0.43
INTERARCH,0.14,0.14,0.12,0.37,0.38,0.34,0.3,0.23,0.23,0.34,0.38
IOC,0.24,0.19,0.13,0.12,-0.01,0.08,0.03,-0.09,-0.01,0.04,0.24
IOLCP,-0.15,-0.12,-0.07,0.17,0.11,0.24,0.18,0.15,0.26,0.23,0.26
IONEXCHANG,0.01,0.06,0.07,0.15,0.06,0.21,0.25,0.07,0.07,0.1,0.25
IPL,-0.22,-0.21,-0.14,-0.05,0.2,0.26,0.26,0.27,0.27,0.2,0.27
IRB,-0.15,-0.04,0.01,0.11,0.0,0.11,0.08,-0.01,0.0,0.06,0.11
IRCON,-0.04,-0.07,0.07,-0.01,-0.14,0.21,0.12,0.08,0.09,0.11,0.21
IRFC,-0.11,-0.08,-0.06,-0.08,-0.18,0.05,0.02,-0.05,-0.03,0.01,0.05
ITCHOTELS,0.12,0.04,0.05,0.12,-0.02,0.01,0.06,-0.05,0.02,0.14,0.14
ITDCEM,0.04,0.05,0.18,0.14,0.15,0.18,0.15,0.26,0.32,0.28,0.32
ITI,-0.22,-0.21,-0.07,-0.1,0.31,0.15,0.07,0.04,0.05,0.05,0.31
JAIBALAJI,-0.03,-0.04,-0.22,-0.13,-0.31,-0.29,-0.35,-0.53,0.15,0.18,0.18
JAMNAAUTO,-0.08,0.09,0.04,0.12,0.01,0.15,0.14,0.08,0.13,0.18,0.18
JIOFIN,0.16,0.21,0.16,0.19,0.14,0.24,0.25,0.22,0.25,0.18,0.25
JKCEMENT,0.11,0.21,0.27,0.33,0.29,0.39,0.47,0.24,0.28,0.3,0.47
JKLAKSHMI,-0.1,0.03,0.07,0.13,-0.03,-0.02,-0.02,-0.07,0.08,0.34,0.34
JKPAPER,-0.02,-0.02,-0.04,0.1,-0.01,0.16,0.1,0.03,0.06,0.11,0.16
JKTYRE,0.18,0.17,0.11,0.32,0.25,0.24,0.19,0.13,0.1,0.16,0.32
JMFINANCIL,-0.02,0.04,0.16,0.24,0.19,0.43,0.28,0.19,0.36,0.41,0.43
JSL,-0.18,-0.19,-0.14,-0.12,-0.14,0.17,0.21,0.1,0.12,0.14,0.21
JSWHL,0.45,0.45,0.44,0.5,0.12,0.08,-0.08,0.07,0.02,0.06,0.5
JUBLCPL,-0.02,0.05,-0.04,0.02,-0.01,0.15,0.27,0.22,0.16,0.04,0.27
JUBLINGREA,0.18,0.23,-0.02,-0.05,-0.03,-0.09,0.47,0.15,0.18,0.2,0.47
JUBLPHARMA,0.02,0.04,0.18,0.37,0.43,0.35,0.19,0.05,0.06,0.11,0.43
KAJARIACER,-0.09,0.21,0.34,0.36,0.37,0.38,0.41,0.35,0.36,0.58,0.58
KALAMANDIR,-0.19,-0.2,-0.23,-0.19,-0.12,0.02,-0.0,0.03,0.07,0.18,0.18
KALYANKJIL,-0.01,0.04,0.18,0.08,-0.02,0.12,0.09,-0.04,0.03,0.21,0.21
KARURVYSYA,0.16,0.19,0.22,0.21,0.06,0.23,0.26,0.23,0.22,0.19,0.26
KAYNES,0.09,0.1,-0.01,-0.03,-0.18,-0.1,-0.07,-0.04,-0.07,0.04,0.2
KEI,-0.24,-0.09,-0.12,-0.11,0.14,0.15,0.24,0.12,0.08,0.08,0.24
KERNEX,-0.18,-0.19,-0.08,0.15,0.15,0.31,0.36,0.29,0.33,0.39,0.39
KFINTECH,0.1,0.07,-0.07,-0.06,-0.14,0.04,0.01,0.05,0.05,0.04,0.33
KICL,0.05,0.08,0.03,0.07,-0.16,0.06,0.03,-0.09,-0.08,0.01,0.08
KIOCL,-0.28,-0.27,-0.17,-0.13,-0.12,-0.05,-0.06,-0.08,-0.06,0.05,0.05
KIRLOSBROS,0.11,0.28,0.15,0.2,0.01,0.09,0.07,-0.0,0.4,0.29,0.4
KIRLOSENG,0.25,0.23,0.43,0.4,0.33,0.32,0.29,0.22,0.22,0.22,0.43
KIRLOSIND,-0.2,-0.21,-0.19,0.11,0.14,0.22,0.2,0.17,0.23,0.2,0.23
KIRLPNU,-0.45,-0.41,-0.39,-0.35,-0.48,-0.3,-0.31,-0.29,-0.26,0.13,0.13
KITEX,0.33,0.44,0.58,0.35,0.35,0.35,0.22,0.13,0.13,0.17,0.58
KKCL,-0.06,0.02,-0.08,-0.12,-0.34,0.01,0.04,0.1,0.12,0.33,0.33
KOLTEPATIL,0.1,0.1,0.16,-0.21,-0.08,0.13,0.12,0.03,0.05,0.09,0.16
KOTAKBANK,0.22,0.29,0.25,0.22,0.07,0.05,0.05,0.06,0.05,0.04,0.29
KOTHARIPET,0.06,0.02,0.01,-0.01,-0.17,0.01,0.16,0.06,0.09,0.12,0.16
KPEL,-0.16,-0.17,-0.02,-0.01,0.14,0.13,0.04,0.02,0.01,0.01,0.14
KPIGREEN,-0.05,-0.05,0.1,0.04,-0.01,0.14,0.12,0.07,0.07,0.09,0.14
KPRMILL,0.3,0.48,0.33,0.15,0.1,0.11,0.09,0.08,0.07,0.11,0.48
KRBL,-0.14,-0.12,-0.11,0.28,0.13,0.26,0.16,0.06,0.14,0.3,0.3
KRISHANA,0.36,0.43,0.32,0.37,0.21,0.32,0.35,0.32,0.27,0.25,0.43
KROSS,-0.26,-0.25,-0.31,-0.25,-0.3,0.27,0.22,0.13,0.22,0.23,0.27
KSL,0.08,-0.07,-0.14,-0.13,-0.23,-0.24,-0.22,-0.06,0.03,0.07,0.14
LAOPALA,-0.15,-0.03,-0.16,-0.11,-0.21,-0.02,0.14,0.1,0.05,0.13,0.14
LATENTVIEW,-0.09,0.02,-0.02,0.04,-0.07,-0.05,-0.07,-0.21,-0.2,0.11,0.11
LAURUSLABS,0.06,0.06,0.05,-0.02,-0.05,0.03,0.15,-0.01,0.05,0.25,0.25
LAXMIDENTL,0.14,0.13,-0.16,-0.13,-0.17,-0.24,-0.03,-0.18,-0.02,0.13,0.14
LGHL,-0.07,0.08,-0.0,0.12,0.1,0.17,0.28,0.2,0.21,0.21,0.28
LICHSGFIN,0.03,0.07,0.04,0.05,-0.03,0.09,0.05,0.01,0.0,0.03,0.14
LICI,-0.01,0.03,0.07,0.14,0.42,0.43,0.41,0.4,0.41,0.4,0.43
LIKHITHA,0.02,0.04,0.02,0.01,-0.01,0.16,0.11,0.03,0.02,0.04,0.16
LLOYDSENGG,0.04,0.04,-0.15,-0.06,0.1,0.15,0.12,0.05,0.16,0.21,0.21
LLOYDSENT,0.09,0.07,0.03,0.08,0.2,0.3,0.3,0.22,0.33,0.47,0.47
LODHA,-0.13,-0.1,0.02,0.12,-0.01,0.14,0.12,0.15,0.04,0.01,0.15
LT,0.11,0.27,0.29,0.32,0.29,0.27,0.32,0.36,0.35,0.33,0.36
LTF,0.19,0.18,0.15,0.21,0.09,0.26,0.16,0.14,0.18,0.15,0.26
LTFOODS,0.16,0.28,0.19,0.3,0.34,0.42,0.45,0.28,0.46,0.52,0.52
LTIM,0.0,0.13,0.23,0.28,0.08,0.24,0.36,0.26,0.2,0.11,0.36
LUMAXIND,0.15,0.09,0.08,0.22,0.39,0.48,0.3,0.18,0.22,0.21,0.48
LUMAXTECH,0.09,0.24,0.25,0.28,0.47,0.56,0.59,0.53,0.52,0.51,0.59
LXCHEM,-0.07,-0.01,0.09,0.17,0.18,0.18,0.13,0.08,0.12,0.04,0.18
M&M,-0.07,-0.01,-0.03,-0.04,-0.14,0.06,0.09,0.11,0.09,0.02,0.11
MAHLIFE,0.23,0.14,0.18,0.15,-0.04,0.12,0.24,0.22,0.07,0.03,0.24
MAHSCOOTER,-0.02,0.02,0.14,0.2,0.12,0.2,0.26,0.13,0.13,0.2,0.26
MAITHANALL,-0.1,-0.08,-0.19,-0.09,0.12,0.16,0.21,0.14,0.18,0.17,0.21
MAMATA,-0.03,-0.04,-0.07,0.03,0.07,0.14,0.08,0.05,-0.04,0.03,0.14
MANAPPURAM,0.1,0.2,0.11,0.1,-0.07,0.2,0.4,0.35,0.36,0.43,0.43
MANGCHEFER,0.28,0.26,0.21,0.28,0.27,0.17,0.12,0.02,-0.01,0.06,0.28
MANGLMCEM,0.15,0.19,0.16,0.27,0.13,0.23,0.19,0.09,0.06,0.1,0.27
MANINDS,-0.07,-0.06,-0.02,0.06,0.19,0.22,0.26,0.22,0.19,0.25,0.26
MANINFRA,-0.04,0.01,-0.0,0.08,-0.01,0.16,0.11,0.06,0.19,0.3,0.3
MANORAMA,0.27,0.33,0.12,0.06,0.1,0.06,0.1,0.05,0.11,0.03,0.37
MANYAVAR,0.03,-0.11,-0.04,-0.03,0.05,0.08,0.08,0.01,0.04,0.01,0.08
MARATHON,0.12,0.15,0.19,0.07,-0.18,-0.0,0.08,0.19,0.3,0.29,0.3
MARKSANS,-0.05,0.08,0.15,0.2,0.18,0.14,0.26,0.1,0.14,0.22,0.26
MARUTI,-0.15,-0.14,-0.04,-0.06,-0.12,0.03,0.04,0.03,0.01,0.17,0.17
MASFIN,0.07,-0.06,-0.07,0.06,0.05,0.16,0.08,0.0,0.08,0.09,0.16
MASTEK,0.22,0.23,0.23,0.25,0.31,0.37,0.39,0.07,-0.05,0.01,0.39
MATRIMONY,-0.27,-0.24,-0.19,-0.16,-0.2,-0.13,-0.13,-0.07,-0.07,0.06,0.06
MAXESTATES,0.09,0.12,0.12,0.26,0.23,0.34,0.33,0.26,0.18,0.11,0.34
MAXHEALTH,-0.1,-0.03,-0.03,0.0,-0.2,-0.04,0.0,0.05,0.15,0.31,0.31
MAYURUNIQ,-0.04,0.23,0.26,0.25,0.21,0.25,0.22,0.22,0.18,0.24,0.26
MAZDOCK,0.16,0.11,0.2,0.17,0.06,0.04,0.06,0.05,-0.0,0.03,0.2
MBAPL,-0.14,0.11,-0.01,0.1,0.32,-0.18,-0.22,-0.07,0.22,0.24,0.32
MCLOUD,0.05,0.12,0.16,0.24,0.15,0.06,0.05,0.01,0.0,0.04,0.24
MCX,0.15,0.09,0.27,0.25,0.17,0.29,0.2,0.25,0.31,0.31,0.31
MFSL,0.42,0.51,0.47,0.65,0.62,0.54,0.52,0.53,0.52,0.46,0.65
MHRIL,-0.09,-0.08,-0.04,0.13,0.05,0.19,0.2,0.15,0.15,0.25,0.25
MIDHANI,0.02,0.1,0.38,0.3,0.26,0.28,0.32,0.34,0.17,0.16,0.38
MMFL,-0.06,-0.08,-0.09,0.04,-0.04,0.17,0.19,0.15,0.16,0.21,0.21
MMTC,-0.24,-0.24,-0.19,-0.13,0.51,0.46,0.46,0.46,0.45,0.53,0.53
MOIL,0.01,0.02,0.02,0.1,0.02,0.16,0.15,0.09,0.11,0.19,0.19
MOL,-0.14,-0.03,0.05,0.1,0.05,0.29,0.32,0.3,0.36,0.43,0.43
MOLDTKPAC,-0.04,0.0,-0.05,0.2,0.27,0.56,0.59,0.51,0.48,0.49,0.59
MONARCH,-0.34,-0.35,-0.28,-0.3,-0.42,-0.28,-0.31,-0.34,-0.18,0.06,0.06
MOTHERSON,-0.01,0.05,0.06,0.14,0.08,0.14,0.21,0.15,0.12,0.14,0.21
MOTILALOFS,-0.15,-0.1,-0.03,-0.02,-0.02,0.15,0.11,0.09,0.07,0.25,0.25
MPHASIS,0.22,0.28,0.31,0.33,0.24,0.33,0.39,0.4,0.36,0.24,0.4
MRF,0.24,0.26,0.18,0.3,0.1,0.19,0.18,0.08,0.05,0.05,0.3
MSUMI,0.07,0.18,0.07,0.21,0.05,0.29,0.26,0.19,0.24,0.19,0.29
MTARTECH,-0.24,-0.11,0.03,0.05,-0.03,0.28,0.26,0.26,0.17,0.16,0.28
MUFIN,0.14,0.05,0.02,0.07,0.01,0.12,0.08,0.08,0.12,0.05,0.16
MUFTI,-0.12,-0.12,-0.2,0.13,-0.02,0.09,0.05,0.07,0.04,0.1,0.13
MUKANDLTD,-0.15,-0.12,-0.03,0.22,0.11,0.33,0.27,0.21,0.41,0.48,0.48
MUTHOOTFIN,-0.12,-0.07,-0.24,-0.2,-0.13,-0.1,-0.01,0.12,0.06,0.19,0.19
NACLIND,0.41,0.4,0.39,0.24,0.39,0.44,0.17,-0.06,-0.25,0.25,0.48
NAHARSPING,0.03,0.15,0.15,0.21,0.14,0.16,0.05,0.03,0.04,0.11,0.21
NAM-INDIA,0.05,0.06,0.13,0.1,0.09,0.22,0.2,0.21,0.16,0.18,0.22
NATCOPHARM,-0.2,-0.14,-0.15,-0.05,-0.11,-0.08,0.01,-0.05,-0.06,0.16,0.16
NATIONALUM,-0.25,-0.17,-0.15,-0.12,-0.13,-0.0,0.03,0.05,0.01,0.09,0.09
NAUKRI,-0.06,0.04,0.12,0.26,0.07,0.19,0.25,0.23,0.21,0.14,0.26
NAVA,0.12,0.07,0.06,0.05,0.04,0.04,0.12,0.04,0.13,0.18,0.18
NAVKARCORP,0.09,0.09,0.09,0.13,0.04,0.02,0.04,0.06,0.05,0.05,0.13
NAZARA,0.3,0.53,0.64,0.64,0.56,0.42,0.49,0.36,0.33,0.37,0.64
NBCC,0.08,0.1,0.16,0.14,0.15,0.26,0.21,0.12,0.07,0.1,0.26
NDRAUTO,0.02,0.29,0.34,0.18,0.2,0.49,0.41,0.41,0.44,0.33,0.49
NDTV,-0.21,-0.21,-0.23,0.18,0.16,0.15,0.01,-0.01,-0.0,0.05,0.18
NELCAST,-0.13,-0.12,0.17,0.34,0.18,0.35,0.22,0.14,0.11,0.11,0.35
NELCO,-0.06,-0.04,0.02,0.05,-0.04,-0.04,0.36,0.15,0.07,0.1,0.36
NESCO,-0.03,-0.04,0.06,0.07,-0.02,0.07,0.05,0.03,0.19,0.3,0.3
NESTLEIND,0.12,0.19,0.17,0.25,0.09,0.16,0.07,0.01,0.06,0.07,0.31
NETWEB,-0.08,-0.18,0.02,0.01,0.02,0.04,0.0,-0.01,0.01,0.03,0.1
NETWORK18,-0.22,-0.17,-0.19,-0.08,-0.05,0.02,-0.03,-0.1,0.03,0.06,0.06
NFL,-0.22,-0.23,-0.04,-0.04,-0.16,0.08,0.05,0.01,0.01,0.09,0.09
NIBE,0.17,0.22,0.2,0.12,0.08,0.02,0.09,0.01,-0.04,0.02,0.22
NITCO,0.62,0.58,0.54,0.53,0.51,0.34,0.28,0.24,0.28,0.06,0.68
NMDC,-0.11,-0.06,-0.06,0.09,0.03,0.1,0.1,-0.01,-0.04,0.07,0.1
NORTHARC,0.07,0.03,0.13,0.23,0.2,0.32,0.18,-0.06,0.15,0.19,0.32
NRBBEARING,-0.08,0.1,0.11,0.24,0.16,0.28,0.24,0.41,0.41,0.44,0.44
NTPC,0.04,0.03,0.02,-0.0,-0.25,-0.1,-0.08,-0.11,0.08,0.11,0.19
NUVAMA,0.23,0.26,0.27,0.4,0.27,0.42,0.36,0.18,0.25,0.17,0.42
NUVOCO,0.17,0.11,0.21,0.22,0.2,0.33,0.3,0.12,0.14,0.12,0.33
OBEROIRLTY,-0.24,-0.22,-0.13,-0.04,-0.02,0.16,0.2,0.14,0.07,0.13,0.2
OIL,0.11,0.22,0.18,0.19,0.06,0.14,0.39,0.18,-0.03,0.03,0.39
ONESOURCE,0.09,0.18,0.07,0.11,0.22,0.17,0.22,-0.04,0.07,0.03,0.22
OPTIEMUS,-0.08,-0.03,-0.03,0.02,-0.02,-0.03,0.06,0.12,0.05,0.07,0.12
PAGEIND,0.01,0.07,0.19,0.11,0.0,-0.02,-0.02,-0.16,-0.01,0.01,0.19
PCBL,0.03,0.12,0.1,0.11,-0.07,-0.02,-0.01,-0.11,-0.07,0.01,0.24
PEL,-0.11,-0.02,0.04,0.06,0.01,0.17,0.19,0.17,0.17,0.23,0.23
PENIND,0.02,0.06,0.02,0.17,-0.01,0.17,0.17,0.08,0.08,0.1,0.31
PERSISTENT,0.07,0.09,0.07,0.08,0.05,0.08,0.27,0.36,0.22,0.04,0.36
PFIZER,-0.24,0.08,-0.0,0.64,0.69,0.71,0.75,0.67,0.67,0.68,0.75
PFOCUS,-0.11,-0.08,-0.17,-0.05,-0.12,0.07,0.02,-0.15,0.6,0.59,0.6
PGHL,-0.17,-0.09,-0.14,-0.04,-0.02,-0.05,-0.09,-0.07,-0.05,0.07,0.07
PGIL,-0.3,-0.2,-0.24,-0.05,0.09,0.08,0.2,0.24,0.23,0.39,0.39
PIDILITIND,0.16,0.2,0.09,0.11,0.13,0.06,0.04,-0.08,-0.02,0.06,0.25
PIIND,0.13,0.18,0.19,0.18,0.15,0.19,0.32,0.22,0.19,0.26,0.32
PILANIINVS,0.02,0.03,-0.02,0.02,-0.17,0.27,0.03,-0.1,0.04,0.04,0.27
PIXTRANS,0.09,0.07,0.05,0.03,0.08,0.22,0.19,0.18,0.25,0.3,0.3
PNBHOUSING,0.38,0.35,0.3,0.28,0.24,0.3,0.17,0.07,0.11,0.13,0.38
PNCINFRA,-0.08,-0.05,0.06,0.16,-0.03,0.18,0.12,0.08,0.08,0.1,0.18
POKARNA,-0.23,-0.16,-0.12,-0.11,-0.1,-0.07,0.33,0.16,0.01,0.16,0.33
POLYCAB,-0.18,0.04,-0.11,-0.17,0.01,0.02,0.09,0.03,0.09,0.11,0.11
POONAWALLA,0.24,0.21,0.2,0.25,0.16,0.15,0.11,0.0,0.17,0.39,0.39
POWERINDIA,-0.07,0.05,-0.07,0.05,0.31,0.19,0.23,0.22,0.24,0.25,0.31
PRABHA,0.06,0.18,-0.4,0.18,0.17,0.05,0.16,0.14,0.24,0.26,0.26
PRECAM,-0.27,-0.17,-0.16,-0.1,0.09,0.37,0.34,0.34,0.32,0.34,0.37
PRECWIRE,0.02,-0.02,0.08,0.12,0.05,0.18,0.11,0.06,0.05,0.1,0.18
PREMEXPLN,-0.23,0.1,0.22,0.05,0.13,0.08,0.1,0.08,0.03,0.04,0.22
PRESTIGE,-0.05,-0.04,0.05,0.07,-0.03,0.28,0.29,0.28,0.17,0.14,0.29
PRINCEPIPE,-0.18,-0.23,-0.11,0.19,0.23,0.33,0.49,0.3,0.33,0.35,0.49
PRIVISCL,0.46,0.53,0.5,0.51,0.45,0.13,0.23,0.22,0.17,0.25,0.53
PRSMJOHNSN,0.11,0.16,0.15,0.22,0.19,0.08,0.15,0.09,0.11,0.2,0.22
PRUDENT,0.27,0.43,0.39,0.37,0.13,0.13,0.2,0.02,0.0,0.14,0.43
PSPPROJECT,-0.09,-0.02,0.11,-0.01,-0.08,-0.1,0.0,-0.03,0.01,0.03,0.11
PURVA,-0.01,-0.12,-0.07,-0.08,-0.08,0.4,0.31,0.19,0.16,0.14,0.4
QPOWER,-0.41,-0.13,-0.18,0.23,0.34,0.38,0.33,0.37,0.4,0.47,0.47
QUICKHEAL,-0.08,-0.08,-0.07,-0.05,-0.12,0.39,0.33,0.29,0.24,0.33,0.39
RACLGEAR,-0.06,-0.11,0.14,0.22,0.05,0.15,0.15,0.1,0.06,0.11,0.22
RAILTEL,-0.2,-0.15,-0.02,-0.06,-0.06,0.19,0.05,0.02,0.02,0.03,0.19
RAINBOW,0.12,0.19,0.17,0.2,0.18,0.17,0.12,-0.05,0.09,0.22,0.22
RALLIS,-0.15,-0.09,-0.0,-0.05,0.14,0.18,0.17,0.11,0.11,0.17,0.18
RAMCOCEM,0.09,0.09,0.19,0.41,0.34,0.34,0.33,0.25,0.29,0.34,0.41
RAMCOIND,-0.05,-0.12,-0.12,-0.11,-0.17,-0.1,-0.09,-0.17,-0.08,0.01,0.01
RAMCOSYS,0.07,0.07,-0.04,0.33,0.27,0.31,0.26,0.22,0.22,0.26,0.33
RAMKY,-0.06,-0.04,-0.12,-0.09,-0.1,0.2,0.16,0.13,0.12,0.11,0.2
RAMRAT,-0.11,-0.08,-0.09,0.24,0.14,0.2,0.2,0.19,0.18,0.18,0.24
RANEHOLDIN,-0.19,-0.17,-0.16,-0.14,-0.19,-0.12,-0.12,-0.19,-0.06,0.01,0.01
RAYMOND,0.07,0.03,-0.05,-0.08,-0.34,-0.3,-0.44,-0.53,-0.41,0.12,0.18
RBLBANK,-0.06,-0.03,-0.02,-0.01,-0.01,0.08,0.0,0.03,0.06,0.19,0.19
RCF,-0.1,-0.11,-0.0,0.05,-0.09,0.18,0.15,0.1,0.08,0.14,0.18
REDINGTON,0.25,0.39,0.4,0.28,0.15,0.24,0.31,0.15,0.2,0.04,0.4
RELAXO,-0.03,-0.02,0.04,0.17,-0.02,0.1,-0.02,-0.12,-0.03,0.04,0.17
RELIANCE,0.33,0.27,0.25,0.25,0.13,0.28,0.31,0.29,0.31,0.32,0.33
RELIGARE,-0.33,-0.23,-0.17,-0.09,-0.12,0.03,0.09,0.06,0.0,0.02,0.09
RELINFRA,0.03,0.07,0.06,0.21,0.24,0.29,0.28,0.22,0.23,0.23,0.29
RELTD,-0.08,-0.11,0.06,-0.03,0.52,0.36,0.31,0.24,0.24,0.25,0.52
REPCOHOME,-0.1,-0.1,-0.0,0.04,-0.08,0.09,0.1,0.03,0.01,0.01,0.1
RESPONIND,-0.28,-0.26,-0.31,-0.11,-0.18,0.02,-0.07,-0.12,0.01,0.16,0.16
RGL,-0.04,-0.05,0.02,0.18,0.03,0.11,0.1,0.05,0.02,0.11,0.18
RHIM,0.05,0.05,0.05,0.05,-0.06,-0.34,0.32,0.08,0.08,0.14,0.32
RICOAUTO,-0.18,-0.15,-0.16,-0.15,-0.17,0.1,0.08,-0.02,-0.04,0.01,0.1
RKFORGE,-0.0,-0.01,0.05,0.04,-0.03,0.24,0.2,0.04,0.1,0.12,0.24
ROLEXRINGS,-0.29,-0.28,-0.16,-0.1,-0.01,0.16,0.1,-0.02,0.09,0.09,0.16
ROSSTECH,0.09,0.26,0.16,0.53,0.18,0.34,0.41,0.21,0.1,0.2,0.53
ROUTE,-0.16,-0.18,-0.06,0.01,-0.16,0.2,0.13,0.0,0.01,0.03,0.2
RPOWER,-0.06,-0.05,0.06,0.26,0.33,0.3,0.17,0.14,0.15,0.19,0.33
RRKABEL,-0.08,0.44,0.42,0.44,0.44,0.43,0.42,0.4,0.4,0.4,0.44
RSYSTEMS,-0.29,-0.17,-0.18,-0.03,-0.1,0.12,0.33,0.12,0.21,0.2,0.33
RTNINDIA,-0.18,-0.12,-0.07,-0.02,-0.18,-0.04,0.18,0.22,0.27,0.2,0.27
SABTNL,0.0,-0.06,-0.28,-0.4,-0.5,-0.59,-0.4,0.05,0.21,0.26,0.35
SAGCEM,0.21,0.22,0.28,0.38,0.26,0.31,0.29,0.29,0.2,0.21,0.38
SAIL,-0.04,-0.03,0.0,0.16,0.04,0.16,0.23,0.19,0.17,0.27,0.27
SAILIFE,-0.13,-0.11,-0.03,-0.06,-0.06,-0.06,-0.01,0.01,0.12,0.06,0.12
SAKSOFT,-0.09,-0.08,0.12,0.17,0.11,0.11,0.13,0.05,0.06,0.31,0.31
SANDHAR,0.01,0.07,0.03,0.24,0.15,0.28,0.31,0.33,0.27,0.27,0.33
SANGAMIND,0.38,0.27,0.32,0.25,0.16,-0.07,-0.03,-0.07,0.12,0.06,0.42
SANGHIIND,0.05,0.06,0.0,0.19,-0.01,-0.06,-0.08,-0.21,-0.13,0.07,0.19
SANSERA,0.01,0.1,0.11,0.11,0.1,0.06,0.08,0.02,0.08,0.12,0.12
SATINDLTD,-0.23,-0.21,-0.37,-0.28,-0.28,0.04,0.08,0.04,0.08,0.08,0.08
SBCL,-0.0,0.18,0.08,0.16,0.1,0.07,0.12,0.0,0.09,0.06,0.18
SBFC,0.28,0.26,0.29,0.28,0.2,0.26,0.2,0.12,0.08,0.06,0.41
SBICARD,0.04,0.02,0.04,0.12,0.11,0.1,0.15,0.03,0.05,0.09,0.25
SBILIFE,0.14,0.12,0.17,0.27,0.18,0.19,0.2,0.19,0.21,0.14,0.27
SCHAEFFLER,0.41,0.47,0.48,0.36,0.35,0.42,0.46,0.42,0.38,0.42,0.48
SCHNEIDER,-0.18,-0.2,-0.05,-0.01,0.14,0.24,0.22,0.21,0.23,0.29,0.29
SCI,-0.19,-0.2,-0.1,0.09,0.02,0.22,0.34,0.12,0.15,0.17,0.34
SDBL,0.02,-0.02,-0.0,-0.01,-0.14,-0.05,0.04,0.02,0.06,0.05,0.3
SELAN,-0.08,-0.06,-0.02,-0.03,-0.2,0.04,0.29,0.21,0.2,0.24,0.29
SEQUENT,-0.13,0.09,0.15,0.24,0.23,0.28,0.32,0.21,0.19,0.2,0.32
SERVOTECH,-0.16,-0.21,-0.26,-0.32,-0.36,0.14,0.07,0.02,0.05,0.03,0.14
SHANKARA,0.11,0.32,0.46,0.45,0.41,0.49,0.49,0.42,0.39,0.39,0.49
SHARDACROP,0.11,0.11,0.18,0.16,0.17,0.19,0.2,0.18,0.13,0.19,0.2
SHARDAMOTR,-0.34,-0.31,-0.3,-0.13,-0.18,0.11,0.19,0.09,0.19,0.32,0.32
SHILPAMED,0.04,0.07,0.02,0.16,0.34,0.4,0.53,0.46,0.44,0.5,0.53
SHREDIGCEM,0.12,0.11,0.09,0.2,0.11,0.21,0.21,0.17,0.16,0.08,0.21
SHREECEM,0.08,0.14,0.28,0.28,0.09,0.06,0.02,-0.1,0.09,0.12,0.28
SHREEPUSHK,-0.3,-0.15,-0.15,-0.06,-0.1,0.11,0.02,-0.01,0.05,0.03,0.11
SHRIPISTON,0.1,0.41,0.29,0.27,0.28,0.23,0.22,0.18,0.19,0.25,0.41
SIEMENS,-0.08,-0.07,-0.03,0.07,-0.02,-0.0,0.03,-0.02,-0.01,0.02,0.07
SIGNPOST,-0.37,-0.25,-0.26,-0.27,-0.5,-0.42,-0.42,-0.44,-0.36,0.33,0.33
SIRCA,0.07,0.07,0.13,0.3,0.44,0.61,0.53,0.41,0.36,0.4,0.61
SIS,-0.18,-0.14,-0.12,-0.01,-0.02,0.19,0.14,0.09,0.08,0.12,0.19
SJS,0.11,0.28,0.21,0.29,0.31,0.22,0.38,0.28,0.25,0.3,0.38
SKFINDIA,0.14,0.16,0.24,0.28,0.25,0.12,0.15,0.15,0.11,0.32,0.32
SMCGLOBAL,-0.29,-0.23,-0.14,-0.09,-0.22,0.03,0.43,0.29,0.37,0.29,0.43
SMLISUZU,-0.14,-0.17,-0.13,-0.1,-0.21,0.0,0.03,-0.05,0.07,0.37,0.37
SOBHA,0.26,0.19,0.17,0.19,0.15,0.42,0.36,0.26,0.15,0.2,0.42
SOLARINDS,0.47,0.52,0.47,0.61,0.58,0.48,0.53,0.48,0.46,0.39,0.61
SOMANYCERA,-0.12,-0.0,0.05,0.13,0.04,0.12,0.22,0.1,0.12,0.18,0.22
SONACOMS,-0.07,-0.08,-0.07,-0.02,-0.05,0.01,0.08,-0.01,-0.06,0.03,0.08
SPAL,-0.04,0.2,0.21,0.22,0.11,0.08,0.03,0.04,0.07,0.03,0.22
SPLPETRO,0.38,0.48,0.4,0.34,0.29,0.38,0.41,0.34,0.39,0.23,0.48
SPMLINFRA,0.04,0.04,-0.03,-0.01,-0.07,-0.04,0.07,0.07,0.18,0.23,0.23
SRHHYPOLTD,-0.15,-0.12,-0.08,-0.02,-0.1,0.25,0.34,0.26,0.25,0.3,0.34
STAR,-0.11,-0.08,-0.11,0.13,0.26,0.21,0.38,0.28,0.35,0.37,0.38
STEELCAS,0.24,0.25,0.16,0.18,0.21,0.13,0.12,-0.01,-0.01,0.01,0.3
STERTOOLS,-0.22,-0.17,0.1,0.12,0.07,0.4,0.25,0.11,0.09,0.09,0.4
STLTECH,-0.1,-0.07,-0.13,-0.03,-0.23,0.05,0.2,0.23,0.24,0.27,0.27
STYRENIX,0.13,0.16,0.13,0.15,0.35,0.36,0.23,0.23,0.14,0.15,0.36
SUDARSCHEM,0.29,0.28,0.17,0.27,0.26,0.23,0.28,0.15,0.18,0.14,0.29
SUNCLAY,-0.31,-0.13,0.41,0.47,0.47,0.46,0.48,0.46,0.46,0.45,0.48
SUNDARMFIN,0.14,0.09,0.13,0.12,0.04,0.16,0.08,0.0,0.02,0.03,0.22
SUNDARMHLD,0.15,0.14,0.11,0.11,0.07,0.12,0.12,0.17,0.26,0.16,0.26
SUNDRMFAST,-0.08,-0.05,-0.05,0.18,0.17,0.16,0.17,0.13,0.18,0.21,0.21
SUNFLAG,-0.01,-0.01,0.07,0.1,-0.05,0.21,0.05,0.08,0.09,0.08,0.21
SUNPHARMA,0.15,0.18,0.28,0.16,0.04,0.1,0.13,0.13,0.14,0.12,0.28
SUPRAJIT,-0.09,-0.16,-0.04,0.07,-0.26,0.14,0.11,-0.03,0.06,0.05,0.14
SUPREMEIND,-0.37,-0.25,-0.15,0.08,0.13,0.21,0.28,0.23,0.15,0.15,0.28
SURAJEST,-0.05,-0.03,-0.01,0.02,-0.36,0.0,0.01,0.02,-0.01,0.05,0.05
SURYAROSNI,-0.06,0.03,0.05,0.23,0.18,0.27,0.27,0.27,0.23,0.26,0.27
SUVEN,0.03,0.22,0.41,0.38,0.41,0.38,0.3,0.27,0.27,0.28,0.41
SUYOG,-0.25,-0.19,-0.28,-0.16,-0.37,0.1,0.22,0.21,0.23,0.25,0.25
SWANENERGY,-0.14,-0.15,-0.14,-0.11,-0.28,0.03,-0.04,-0.11,-0.03,0.01,0.03
SWIGGY,-0.24,-0.28,-0.04,0.04,0.14,0.33,0.27,0.32,0.36,0.36,0.36
TANLA,0.11,0.09,0.29,0.29,0.26,0.32,0.31,0.18,0.19,0.23,0.32
TARC,0.15,0.15,0.14,0.24,0.17,0.32,0.13,0.13,0.08,0.06,0.32
TASTYBITE,-0.06,-0.0,0.15,0.11,-0.06,0.03,0.13,0.04,0.07,0.04,0.15
TATACHEM,-0.02,0.03,0.04,0.13,0.05,0.06,0.02,-0.07,-0.03,0.11,0.13
TATACOMM,0.05,0.12,0.13,0.02,-0.13,-0.01,-0.0,-0.05,0.0,0.22,0.22
TATAELXSI,0.02,0.07,0.12,0.18,0.16,0.29,0.32,0.37,0.39,0.35,0.39
TATAMOTORS,0.05,0.27,0.28,0.25,0.15,0.24,0.27,0.13,0.15,0.14,0.28
TATASTEEL,0.16,0.14,0.12,0.21,0.12,0.17,0.23,0.13,0.14,0.25,0.26
TATVA,-0.18,-0.15,-0.13,0.22,0.15,0.2,0.2,0.18,0.18,0.23,0.23
TBOTEK,-0.22,-0.03,-0.09,0.1,0.16,0.16,0.14,0.09,0.15,0.17,0.17
TCIEXP,-0.18,-0.23,-0.19,-0.06,-0.17,0.25,0.19,0.12,0.15,0.18,0.25
TDPOWERSYS,0.25,0.24,0.29,0.32,0.3,0.23,0.26,0.21,0.08,0.06,0.33
TECHM,-0.01,0.05,0.13,0.12,0.13,0.29,0.43,0.43,0.3,0.12,0.43
TECHNOE,0.04,0.02,0.11,0.09,0.15,0.19,0.18,0.12,0.17,0.14,0.19
TEGA,0.07,0.05,0.04,0.12,0.28,0.25,0.2,0.2,0.22,0.31,0.31
TFCILTD,0.59,0.52,0.43,0.47,0.55,0.47,0.41,0.43,0.44,0.46,0.59
THELEELA,,,,,,0.56,0.42,0.36,0.39,0.4,0.56
THYROCARE,0.43,0.47,0.43,0.41,0.44,0.44,0.47,0.46,0.47,0.24,0.51
TI,0.07,0.06,0.2,0.22,0.2,0.21,0.31,0.17,0.13,0.09,0.31
TIIL,0.01,0.09,0.15,0.11,0.13,0.16,0.18,0.18,0.15,0.21,0.21
TIINDIA,0.13,0.12,0.09,-0.08,-0.04,-0.01,-0.02,0.03,0.2,0.2,0.2
TIL,0.14,0.16,0.1,0.38,0.45,0.23,0.11,0.08,0.12,0.17,0.45
TIMETECHNO,-0.09,-0.13,-0.15,-0.07,-0.18,-0.09,0.03,-0.0,0.01,0.09,0.09
TIMKEN,0.2,0.31,0.32,0.26,0.26,0.44,0.46,0.43,0.38,0.36,0.46
TITAN,0.1,0.28,0.32,0.36,0.24,0.4,0.34,0.3,0.31,0.28,0.4
TNPL,-0.24,-0.23,-0.15,-0.0,-0.1,0.07,0.13,0.03,0.09,0.12,0.13
TRANSRAILL,-0.15,-0.29,-0.28,-0.16,-0.21,0.04,0.04,-0.03,0.08,0.23,0.23
TRENT,-0.03,-0.05,0.02,-0.03,0.01,0.05,-0.0,0.07,-0.01,0.11,0.11
TRITURBINE,0.08,0.11,0.03,0.13,0.02,0.06,0.07,-0.0,-0.05,0.05,0.2
TTML,-0.09,-0.07,-0.11,0.47,0.32,0.29,0.11,0.08,0.07,0.09,0.47
TVSHLTD,0.06,0.03,0.25,0.15,0.17,0.23,0.2,0.16,0.17,0.1,0.25
TVSMOTOR,0.12,0.08,0.11,0.11,0.03,0.03,0.04,0.02,0.08,0.04,0.15
TVSSRICHAK,-0.11,-0.16,-0.15,-0.08,-0.23,0.02,0.09,-0.07,-0.19,0.02,0.09
ULTRACEMCO,0.11,0.25,0.2,0.22,0.08,0.07,0.02,0.06,0.15,0.1,0.25
UNIMECH,-0.31,-0.22,-0.12,-0.14,0.04,0.25,0.27,0.24,0.23,0.31,0.31
UNIONBANK,0.01,0.1,0.1,0.21,0.22,0.15,0.19,0.18,0.18,0.22,0.22
UNIPARTS,-0.18,-0.18,-0.28,-0.16,-0.24,0.22,0.11,0.03,0.04,0.1,0.22
UNIVCABLES,-0.09,0.09,0.2,0.31,0.22,0.26,0.28,0.35,0.34,0.35,0.35
UNOMINDA,0.04,0.06,0.01,-0.06,-0.09,0.2,0.24,0.22,0.25,0.22,0.25
USHAMART,-0.01,-0.04,-0.1,-0.03,-0.22,-0.23,-0.26,-0.16,0.17,0.22,0.22
UTIAMC,-0.02,-0.01,-0.01,0.19,0.07,0.18,0.08,0.05,-0.0,0.05,0.19
VARROC,-0.33,-0.22,-0.27,-0.23,-0.27,0.16,0.16,0.19,0.19,0.22,0.22
VASCONEQ,-0.12,-0.08,0.05,0.03,0.04,0.06,0.04,-0.01,0.02,0.06,0.06
VENUSPIPES,-0.26,-0.24,-0.29,-0.05,-0.17,0.01,0.01,-0.08,-0.1,0.05,0.05
VINATIORGA,-0.05,-0.01,0.05,0.05,0.06,0.2,0.22,0.16,0.18,0.15,0.22
VINCOFE,0.26,-0.04,-0.15,0.19,0.28,0.26,0.33,0.23,0.21,0.34,0.34
VINDHYATEL,-0.18,-0.16,-0.11,-0.01,-0.06,0.16,0.14,0.13,0.07,0.1,0.16
VIPIND,-0.26,-0.11,0.04,0.01,-0.01,0.16,0.34,0.26,0.2,0.17,0.34
VMART,0.26,0.35,0.23,0.22,0.2,0.15,0.2,0.13,0.05,0.02,0.35
VMM,0.3,0.19,0.14,0.16,0.1,0.05,0.01,0.42,0.43,0.41,0.43
VOLTAMP,-0.12,-0.17,-0.17,-0.15,-0.29,-0.03,0.01,-0.09,-0.03,0.03,0.03
VOLTAS,-0.14,-0.24,-0.34,-0.32,-0.25,-0.26,-0.21,-0.18,-0.15,0.04,0.04
VSSL,-0.02,-0.02,0.01,0.05,0.07,0.06,0.04,0.03,0.08,0.08,0.08
VSTTILLERS,0.06,-0.01,0.09,0.08,0.04,-0.13,-0.04,-0.13,-0.14,0.2,0.2
VTL,0.56,0.57,0.58,0.54,0.51,0.51,0.17,0.07,0.05,0.13,0.58
WABAG,-0.06,-0.05,-0.07,0.17,0.11,0.13,0.17,0.03,0.03,0.05,0.17
WALCHANNAG,0.11,0.14,0.23,0.18,0.23,0.33,0.19,0.14,0.12,0.1,0.33
WCIL,-0.32,-0.28,-0.18,-0.01,0.12,0.12,0.14,0.09,0.31,0.21,0.31
WELCORP,0.29,0.3,0.19,0.16,0.5,0.5,0.44,0.44,0.48,0.44,0.5
WELENT,-0.0,0.04,0.21,0.1,0.06,0.28,0.18,0.09,0.12,0.12,0.28
WELSPUNLIV,0.28,0.54,0.46,0.49,0.39,0.39,0.4,0.34,0.42,0.43,0.54
WINDMACHIN,-0.16,-0.02,0.01,0.13,0.01,0.08,0.23,0.1,0.15,0.11,0.23
WIPRO,-0.29,-0.2,-0.16,-0.14,-0.12,-0.02,0.11,0.17,0.23,0.23,0.23
WOCKPHARMA,0.04,0.06,0.05,0.05,0.08,0.07,0.33,0.13,0.05,0.15,0.33
WSTCSTPAPR,-0.1,-0.01,-0.03,-0.0,-0.1,0.11,0.13,0.04,0.08,0.16,0.16
YASHO,-0.25,-0.14,-0.29,-0.1,-0.03,0.02,0.03,-0.0,0.06,0.11,0.11
YATHARTH,0.14,0.19,0.15,0.32,0.12,0.17,0.13,0.01,-0.04,0.13,0.32
YUKEN,-0.01,0.02,0.06,0.24,0.04,0.1,0.13,0.25,0.28,0.27,0.28
ZAGGLE,0.0,0.03,0.22,0.28,0.17,0.08,0.12,0.04,0.04,0.13,0.28
ZEEL,-0.04,0.12,0.13,0.25,0.2,0.26,0.38,0.3,0.26,0.32,0.38
ZENSARTECH,-0.11,0.01,-0.02,0.13,0.07,0.11,0.19,0.13,0.12,0.04,0.19
ZFCVINDIA,0.19,0.18,0.11,0.03,0.12,0.08,-0.05,-0.02,0.03,0.09,0.3
ZOTA,-0.06,-0.13,0.05,0.16,0.13,0.11,0.04,0.01,-0.01,0.49,0.49
ZYDUSLIFE,-0.16,-0.12,-0.1,-0.01,-0.0,0.15,0.21,0.11,0.35,0.38,0.38
